zip,name,image,city,state,body,interaction,superhost,verified,monthJoined,yearJoined,review,rulesCheckin,rulesCheckout,rulesBody,locationBody,locationGettingAround
10175^Lysanne^https://sdc-mtservice.s3.amazonaws.com/hosts/396-420x270.jpg^Eddiefort^HI^Corporis impedit dolorem ut odio temporibus perferendis. Ratione nobis fuga excepturi et est id nostrum eos.^Aut at dignissimos quis voluptas cum voluptatem enim est. Ipsum deserunt et perspiciatis magnam est corporis rem aut. Numquam rem sunt odio perspiciatis est. Perspiciatis non ea in amet. Fugit ea ut ut enim quas.^Superhost^Verified^February^2020^452^10AM - 4PM^11AM^Et dolores dolor et veritatis. Culpa reiciendis voluptatem ab vel similique dolor iste voluptatem explicabo. Sit expedita beatae dignissimos. Qui et corrupti. Vel corrupti eos nostrum eum odio cum assumenda quas rerum. Esse sunt ut assumenda.^Reprehenderit aspernatur magni. Corporis laudantium et consequuntur provident quisquam ut quia ex.^Rental car is advisable.
12382^Lourdes^https://sdc-mtservice.s3.amazonaws.com/hosts/173-100x100.jpg^North Zula^NC^Totam at dolores veniam est esse omnis. Repudiandae minima suscipit quo. Dolore aut iste nam autem reprehenderit atque et. Nulla est molestiae. Pariatur deserunt qui ea.^Odio voluptates ex est inventore aliquam similique quam. Rerum accusamus quia sit ut fuga ipsam voluptates. Aut suscipit esse molestiae odit aut cupiditate. Vitae cum vitae provident autem repudiandae eius aut quasi cupiditate. Saepe consequatur natus omnis molestiae. Tenetur quidem quo.^Superhost^Verified^March^2016^117^10AM - 4PM^11AM^Odit reprehenderit mollitia dolor veritatis non amet vel sit. Nemo dignissimos consequuntur molestiae nobis assumenda ipsam explicabo quas. Consectetur voluptatibus soluta accusamus rem. Tempora et dolorum in aut dolore. Porro debitis quia. Velit optio saepe repellat magnam sequi.^Eaque in voluptas et cupiditate. Temporibus quibusdam rerum architecto modi. Est nam impedit doloribus at nulla.^Rental car is advisable.
84563^Felicita^https://sdc-mtservice.s3.amazonaws.com/hosts/621-420x270.jpg^Vonmouth^WI^Id error esse voluptatum nisi. Ut aut excepturi molestiae. Maiores alias quas aut. Et quam natus.^Iure deleniti aliquam illum possimus. Dolores reprehenderit iste animi ut amet repellat molestiae. Iure fuga sint beatae voluptatibus ut qui omnis suscipit consequatur. Recusandae quia sunt deserunt veritatis ullam non consequuntur.^Superhost^Verified^August^2017^72^10AM - 4PM^11AM^Recusandae ut optio sint et aperiam minus ratione asperiores. Architecto et maiores optio. Et animi pariatur. Ut mollitia voluptates libero est aliquid dolorem. Eligendi et aut vel ut neque est dolorem alias. Maxime tempora eligendi.^Et asperiores tempora sed ullam et similique ducimus rem esse. Minima corporis consequuntur.^Rental car is advisable.
39222^Murphy^https://sdc-mtservice.s3.amazonaws.com/hosts/1031-420x270.jpg^Zoeberg^CA^Nihil odit modi culpa saepe cumque qui qui aliquid. Vero eum aspernatur voluptatem minima officia dolorem.^Aut molestias asperiores voluptas. Maiores error tempora. Eum doloribus perspiciatis doloribus et sit. Qui eos necessitatibus minus rerum eligendi inventore et quae.^Superhost^Verified^August^2014^132^10AM - 4PM^11AM^Iste aut magni. Commodi voluptatum perspiciatis reiciendis iure excepturi ut.^Aut sed vitae quos et aut voluptatum. Unde quidem vero possimus ut quod at est placeat dolorum. Dolor minima debitis sed.^Rental car is advisable.
57110^Isabelle^https://sdc-mtservice.s3.amazonaws.com/hosts/784-420x270.jpg^North Giles^IL^Sapiente in deserunt quas natus et numquam veniam sit ipsa. Omnis a aspernatur ratione nesciunt sed. Non aut suscipit non aut et odit nemo sequi corrupti. Rem doloribus placeat voluptas velit quisquam quam rerum magni voluptatibus.^Aperiam debitis at rem at ut velit laboriosam corrupti eveniet. Sapiente exercitationem rerum nostrum. Nobis dolor vel amet odit impedit autem aut. Ad ut praesentium.^Superhost^Verified^September^2013^389^10AM - 4PM^11AM^Facere consequuntur voluptatum qui. Veritatis quis natus hic. Id accusantium quam illum sed non sit error necessitatibus eaque. Voluptatem adipisci doloremque. Non illo dolores consequuntur rem iusto numquam quasi.^Quia rerum quas vel. Odit similique dolorum numquam. Delectus sed nemo adipisci molestias.^Rental car is advisable.
37188^Fidel^https://sdc-mtservice.s3.amazonaws.com/hosts/689-420x270.jpg^East Garnet^NJ^Fugit et sunt est eos est iure. Magnam sit voluptatem sint. Ut veniam modi. Blanditiis quis dolores ut consequatur dignissimos id illo.^Eos ullam rem ab qui autem iste neque. Qui provident eius explicabo.^Superhost^Verified^January^2012^14^10AM - 4PM^11AM^Nihil fuga quis omnis est et velit atque doloremque. Corrupti nulla dolores et voluptatibus reiciendis est sint nam repellat. Est aut voluptas velit dolorem voluptas.^Iure voluptatem saepe in. Blanditiis qui ducimus aut tenetur quidem culpa. Sunt occaecati nam non excepturi. Dignissimos deleniti sunt dolorem temporibus ex ut repellendus voluptatem voluptates. Et porro totam ab alias. Omnis corporis et voluptas consectetur.^Rental car is advisable.
89124^Annamae^https://sdc-mtservice.s3.amazonaws.com/hosts/318-420x270.jpg^Nickstad^KS^Fugit quaerat consectetur. Ut quia non veritatis cum unde natus enim quasi. Libero nisi ut ipsam aliquid expedita enim illo maiores at. Assumenda consectetur ad magni voluptatem consequatur. Non ad fuga et maiores autem.^Aspernatur voluptas eligendi. Fuga dolore est ex repellat neque sit voluptates maiores architecto. Dicta minima id quo et totam accusamus inventore omnis quo. Placeat qui aut sed similique nobis cupiditate aliquid quibusdam. Mollitia voluptatum aperiam et qui sit dolore.^Superhost^Verified^April^2012^228^10AM - 4PM^11AM^Maiores et enim ut adipisci accusantium. Minus doloribus pariatur corrupti vel fugit et molestias. Excepturi adipisci nam itaque eum excepturi. Harum ab animi ut. Fuga sunt autem iusto necessitatibus aut provident.^Quisquam dignissimos cumque ut. Temporibus ut perspiciatis inventore reprehenderit recusandae non vero veniam aut. Quo fugit nulla rem eaque dicta quis.^Rental car is advisable.
77771^Zakary^https://sdc-mtservice.s3.amazonaws.com/hosts/373-420x270.jpg^Port Breanne^NM^Ducimus sed enim repellat rerum. Quia sit nostrum eum. Omnis voluptatibus officia vero sunt quibusdam qui exercitationem hic eos. Aut aperiam adipisci autem dolores eius iure iure perspiciatis aut.^Delectus doloremque enim voluptas itaque. Nobis quasi alias id molestiae vel sed. Accusantium sed et. Sunt voluptatem ipsam tempore labore. Praesentium quae eius et et.^Superhost^Verified^November^2020^101^10AM - 4PM^11AM^Et totam vero voluptate recusandae voluptate optio id velit. Sint commodi consequatur quis aut voluptatem. Molestiae libero laudantium aliquam ad dicta soluta vel aut.^Ullam qui est sunt exercitationem quia. Voluptatum sit et consequuntur. Aut est at delectus eum ut non quo. Maiores quidem voluptatem aut veritatis voluptatibus dolor.^Rental car is advisable.
84338^Floyd^https://sdc-mtservice.s3.amazonaws.com/hosts/524-420x270.jpg^South Jeraldville^CT^Explicabo alias natus. Recusandae sit ratione est ullam maiores. Dolorum aut distinctio qui ducimus tempore. Odit consequatur doloribus voluptatum numquam nobis autem voluptas. Quia incidunt exercitationem qui eius ratione vero quae sit.^Dolor dignissimos similique aut dolor sunt temporibus et qui et. Perferendis sint cum autem eveniet quod. Perspiciatis nulla at.^Superhost^Verified^May^2015^231^10AM - 4PM^11AM^Debitis ipsam nihil iure nulla tempore itaque recusandae. Delectus velit eos impedit. Voluptatem ut delectus soluta modi id eos. Quam aperiam aspernatur.^Perferendis perferendis assumenda excepturi ipsa atque. Autem vero veritatis eaque veniam reprehenderit velit. Ipsa accusantium quo ducimus quia ut eius. Autem et quidem dignissimos sed expedita non. Nisi temporibus et molestias. Incidunt enim qui autem ab optio quis sit quis.^Rental car is advisable.
62289^Mervin^https://sdc-mtservice.s3.amazonaws.com/hosts/524-420x270.jpg^Jenkinsstad^CO^Qui rerum sit. Sequi quia minima sed tenetur. Totam maxime iste reiciendis sapiente quam sed. Perferendis recusandae deleniti voluptatem maxime rem porro.^Aut et necessitatibus. Eos dolores impedit ut quidem cupiditate excepturi error. Magni autem voluptatibus quam dolore voluptatem cumque. Aperiam molestiae alias aspernatur itaque. Soluta et saepe impedit alias doloribus et. Est maxime sunt.^Superhost^Verified^March^2020^113^10AM - 4PM^11AM^Fugiat ipsum id quo laudantium magni. Est laborum ullam quo cumque quod sapiente aperiam voluptatem eveniet. Magnam non eum laudantium provident sit perspiciatis est. Est impedit temporibus aspernatur saepe qui magnam. Sit ratione veritatis.^Repellendus nihil nihil. Et et qui. Aliquid molestias numquam. Reprehenderit nihil nulla dolorem enim iusto. Mollitia laboriosam consectetur est nobis quis consequatur beatae quis maxime. Autem inventore accusamus iusto veritatis corrupti earum est ducimus.^Rental car is advisable.
35347^Furman^https://sdc-mtservice.s3.amazonaws.com/hosts/777-420x270.jpg^Edwinaside^HI^Accusamus eveniet animi reprehenderit. Corporis in a iure deleniti doloribus in. Eaque fugit repudiandae culpa quod. Accusamus nostrum doloremque voluptatem sequi et corrupti.^Atque quia molestiae sint suscipit voluptates sapiente id. Possimus quas est ullam ut totam sequi et facilis. Distinctio officiis quis repellendus non rerum et similique nostrum nostrum. Enim qui libero eligendi.^Superhost^Verified^May^2016^294^10AM - 4PM^11AM^Dolores autem tenetur. In molestiae provident minus sed blanditiis quis. Necessitatibus et dolor dolore libero dolores. Fugit consectetur dolorem dolorum non corrupti ullam. Eum corporis reprehenderit voluptatum quia sed dolorem. Non assumenda cupiditate esse.^Non perferendis asperiores blanditiis aut. Ipsa quia earum. Libero id magnam dignissimos dolore.^Rental car is advisable.
59562^Estevan^https://sdc-mtservice.s3.amazonaws.com/hosts/270-420x270.jpg^Hermannberg^GA^Voluptatum sequi et maiores id aut aut quisquam quia illo. Impedit cumque eveniet ut illum. Corporis neque ducimus. Explicabo rerum officiis occaecati quae corrupti quas. Corporis vel quaerat.^Enim ut quisquam voluptas dolorem dolore nam. Cupiditate eaque tempora officia numquam.^Superhost^Verified^March^2014^231^10AM - 4PM^11AM^Maxime inventore sunt. Excepturi nihil autem nam asperiores cumque exercitationem enim.^Est reiciendis sed culpa voluptas quasi sit amet. Qui rem qui animi eveniet veniam saepe quo.^Rental car is advisable.
74112^Herminio^https://sdc-mtservice.s3.amazonaws.com/hosts/270-420x270.jpg^Lake Retta^NC^Quo id vel et sint. Est eum aut voluptatem odit. Dolore aliquid nihil. Odio minima quia modi minus.^Velit quia voluptatem et beatae at neque quia suscipit. Quia placeat recusandae fugit sint recusandae voluptas quis commodi aliquid. Velit ipsum dolorum non delectus. Suscipit placeat maiores id velit eum aliquid eaque et.^Superhost^Verified^February^2019^112^10AM - 4PM^11AM^Dolorem est sunt voluptas facere placeat modi sit laudantium. Rem accusantium adipisci earum ut ipsam. Deserunt sed nesciunt velit nihil recusandae exercitationem est pariatur nisi. Fugiat ipsa nemo aut. Nisi voluptatem provident omnis minus beatae. Voluptatem distinctio cupiditate officia est.^Possimus eos fugit corrupti veniam. Et voluptatem quaerat et dolores voluptatem earum quam nihil. Totam qui quis qui nam a soluta commodi maiores voluptate.^Rental car is advisable.
34143^Amaya^https://sdc-mtservice.s3.amazonaws.com/hosts/125-420x270.jpg^North Eldred^OK^A debitis voluptates at ipsam facere officiis temporibus dolores. Et fugit dolor debitis porro. Quaerat dignissimos doloribus autem ea nobis maiores eos est. Dolor ut ullam excepturi minima itaque fugiat odit.^Sit et ut a libero quis est dolor. Voluptas aliquam labore blanditiis ut voluptas consectetur. Corrupti sapiente porro non in possimus iure delectus labore et. Illo ipsam tempora iure pariatur error odit nemo. Eos optio accusantium aut quisquam eaque occaecati laudantium.^Superhost^Verified^April^2020^334^10AM - 4PM^11AM^Optio temporibus dolorem qui et odio quis similique cumque. Fugit cum omnis repellat. Non tenetur ut ea reiciendis quia sequi maxime.^Rerum consectetur quam et. Velit placeat vitae officiis. Quisquam eaque sit et doloribus vitae aut quos laudantium rem. Iure veritatis ipsum quis quia inventore. Ut aliquam delectus consequatur.^Rental car is advisable.
94460^Elvera^https://sdc-mtservice.s3.amazonaws.com/hosts/173-100x100.jpg^Lake Maximusshire^NM^Eum dicta accusamus possimus reiciendis. Quidem sequi adipisci aut. Eum quibusdam cumque quidem aut. Sed ratione eveniet debitis aut eos iure.^Eos voluptatem repellat. Labore ducimus qui omnis dolorem libero ea et.^Superhost^Verified^February^2015^455^10AM - 4PM^11AM^Iste delectus et doloremque velit. Dolorum quasi est labore ut. Eligendi vel aut. Omnis odit recusandae. Autem explicabo porro labore et necessitatibus et est delectus est. Adipisci maiores similique quis et.^Illo consequatur nihil in ratione est quidem in excepturi. Ad facilis maiores modi eum. Reiciendis nesciunt ut tempora aut.^Rental car is advisable.
29734^Salvador^https://sdc-mtservice.s3.amazonaws.com/hosts/168-100x100.jpg^West Aftonfort^VA^Debitis nihil sed labore praesentium. Itaque qui possimus voluptatem omnis. Molestias provident et. Quam alias quisquam sunt dignissimos officia tempora dolores quis saepe. Deserunt quis ab tempore illo. Sint sed qui.^Dolor nisi cumque quam esse occaecati nisi doloremque. Ullam tenetur sit expedita quisquam non commodi incidunt aliquid. Aut sed est autem quia sit. Dolor tempora sed porro autem itaque omnis.^Superhost^Verified^July^2020^166^10AM - 4PM^11AM^Fugiat qui rerum fugiat aut culpa. Debitis qui voluptatibus quia ut sint.^Voluptatem neque rem sequi. Rerum natus fuga ducimus et neque quisquam qui. Eum qui recusandae laboriosam aut illum similique. Explicabo laudantium qui magnam eum consequuntur.^Rental car is advisable.
23121^Elroy^https://sdc-mtservice.s3.amazonaws.com/hosts/620-420x270 (1).jpg^Dibbertview^NV^Facere qui voluptatibus minima quia corrupti nesciunt animi provident. Earum reprehenderit dicta odio dolores voluptatibus laboriosam ut et. Non quam voluptatem unde aliquid. Unde eum modi sunt ipsum. Architecto sed quo vel eos.^Ex odio soluta nihil amet repellat quia suscipit fuga. Adipisci consequatur est nulla quo itaque non in quae. Iste voluptates sequi a ullam.^Superhost^Verified^August^2012^120^10AM - 4PM^11AM^Ut nobis cupiditate totam rerum laborum qui excepturi officiis. Necessitatibus maxime quibusdam amet quaerat recusandae inventore. Temporibus totam et architecto quidem dolorum ut qui.^Eveniet aut laudantium sed assumenda consectetur eligendi qui laudantium saepe. Consectetur est occaecati explicabo ipsa ex qui est ex vel. Quis id impedit soluta id qui odit id aut.^Rental car is advisable.
59713^Jazmyn^https://sdc-mtservice.s3.amazonaws.com/hosts/106-420x270 (1).jpg^Lake Deangelo^NH^Itaque eum autem. Odit et fugiat dignissimos et est est voluptatem velit sit. Voluptatum incidunt sit ex.^Et nihil nihil aut sit similique exercitationem. Est ut veritatis aut molestiae tempora eius magnam. Adipisci quas quis vero rem. Ipsa cupiditate nemo ut dolor voluptas illum repudiandae quia. Aliquid vero accusamus quaerat.^Superhost^Verified^August^2014^139^10AM - 4PM^11AM^Ut ut ullam amet quos consectetur quo. Debitis dolorem inventore recusandae dolores repudiandae ut odit delectus sed.^Quae molestiae animi magnam id et necessitatibus. Totam earum autem. Voluptatem quasi perferendis. Reprehenderit possimus dolores. Deserunt aut atque asperiores aut nulla cumque nisi dolor et.^Rental car is advisable.
93752^Bryana^https://sdc-mtservice.s3.amazonaws.com/hosts/photo-1513732822839-24f03a92f633.jpeg^New Mustafa^KY^Quis id natus aperiam ut aut voluptatum nostrum quae commodi. Asperiores accusantium quaerat tempora delectus officiis esse. Ipsum commodi laudantium. Sapiente et fuga facilis natus eaque earum animi reiciendis. Blanditiis autem optio libero.^Est aut qui ipsum at. Excepturi qui beatae beatae maiores enim repellat nam doloremque eveniet. Culpa illo aperiam iure qui qui quos.^Superhost^Verified^May^2019^100^10AM - 4PM^11AM^Explicabo natus debitis. Nihil dolor et rerum quis vitae facilis. Est reprehenderit velit consectetur nesciunt qui iste iusto esse. Rem nisi neque reiciendis laboriosam. Voluptatum fuga rerum et excepturi consequatur vero. Quidem ea numquam aut maiores.^Exercitationem nisi dolor. Eos corporis qui non illo dolor qui quia iusto. Doloribus aut debitis sit maiores quia temporibus qui iusto placeat. Qui quia id recusandae molestiae neque minus cum consequuntur.^Rental car is advisable.
17624^Dane^https://sdc-mtservice.s3.amazonaws.com/hosts/1069-420x270.jpg^West Cullen^VT^Odio quia veritatis ex. Sed dolorum quae ad. Et quo consequatur molestiae id.^Numquam culpa facere. Sed quas nulla aut quis ut esse. Nam ea sequi.^Superhost^Verified^May^2013^399^10AM - 4PM^11AM^Voluptas quia fugit magnam quasi debitis ut. Voluptas enim dolorem tenetur asperiores officia sit rerum. Eos enim consectetur hic amet et magni quasi qui asperiores. Sed sit excepturi repellendus molestiae qui aut in. Earum voluptate ea eum odit omnis.^Nemo voluptatem similique. Ducimus enim repellendus consequatur voluptatem fugit non atque autem magnam. Quia debitis voluptate sunt qui. Illo illo qui. Sit vero harum dolores nemo animi fuga eos dolores odio. Cum expedita a a.^Rental car is advisable.
56573^Claud^https://sdc-mtservice.s3.amazonaws.com/hosts/368-420x270.jpg^Lake Christiana^OK^Cupiditate et voluptas velit cum et. Deleniti voluptatibus enim non vitae blanditiis quaerat autem. Iure perspiciatis cum dicta error accusantium perspiciatis voluptatem. Tempore culpa esse. Voluptatem ut et vero corporis nobis nihil quia quia. Illo deserunt enim rem.^Nostrum recusandae ut est. Ut mollitia quas eius. Commodi mollitia sunt nihil.^Superhost^Verified^September^2017^475^10AM - 4PM^11AM^Deleniti quidem eveniet. Et praesentium voluptate ratione sunt numquam. Voluptatum incidunt consequatur perspiciatis ea commodi sint sint aut libero. Pariatur dolor consectetur quibusdam. Alias quidem eum culpa.^Autem perferendis explicabo omnis. Architecto reprehenderit nihil et voluptatibus quia voluptatem.^Rental car is advisable.
93735^Allan^https://sdc-mtservice.s3.amazonaws.com/hosts/162-420x270.jpg^Dagmarport^AR^Tenetur debitis architecto soluta dolor velit nobis quis voluptates. Sequi tempora delectus aut quam unde excepturi enim. Iusto consectetur ut inventore atque autem odit enim saepe. Necessitatibus animi et et aut aut. Est pariatur voluptatem illum voluptatibus ut mollitia. Aut nihil numquam illum minus est vel necessitatibus quia qui.^Voluptates vel ex quia soluta id earum accusamus ut qui. In architecto sint adipisci deleniti numquam veniam. Fuga et veniam maxime sit nostrum vero et aperiam facere. Ea provident nemo. Delectus est repellat praesentium inventore sequi harum eaque eius nulla.^Superhost^Verified^December^2016^283^10AM - 4PM^11AM^Maiores est eum quibusdam iusto minus. Debitis nihil quia facere at unde sint itaque.^Consequatur ipsam laborum in et dignissimos consequuntur et. Saepe voluptate aspernatur accusamus ut cum doloribus. Magnam accusamus beatae veniam quam. Et earum voluptas suscipit ducimus voluptas sunt modi.^Rental car is advisable.
5988^Crawford^https://sdc-mtservice.s3.amazonaws.com/hosts/400 (1).jpeg^Lake Orlandoport^CO^Ut magni voluptates. Ipsa temporibus aut numquam omnis eaque saepe.^Perferendis porro nostrum dignissimos dolor. Velit consequatur eos repellendus ipsum quia id hic.^Superhost^Verified^April^2019^56^10AM - 4PM^11AM^Incidunt modi sequi aut minus sunt est modi rerum dicta. Quia omnis harum odit distinctio maiores consequatur deserunt ex. Voluptas hic reiciendis et enim quae. Non rerum ipsam soluta quis quis ratione dicta earum cumque. Aut optio dolore repellendus sint dolor nisi exercitationem libero. Et eum modi officiis nihil aut nostrum.^Doloribus culpa omnis qui. Quo ut dicta. Est ex omnis modi. Asperiores in nemo ea. Est sint in nisi explicabo autem magnam.^Rental car is advisable.
97199^Tyler^https://sdc-mtservice.s3.amazonaws.com/hosts/photo-1534385842125-8c9ad0bd123c.jpeg^East Siennabury^OH^Aut est delectus eum architecto voluptas. Omnis excepturi eaque qui quo consequatur.^Earum molestiae repellat. Distinctio quasi qui tenetur aut quia placeat sint consequatur. Nam dignissimos et. Sunt sint quia illum repellendus cum. Natus voluptatem sunt. Est molestias quia aut ut consequatur.^Superhost^Verified^October^2012^258^10AM - 4PM^11AM^Ut occaecati enim natus excepturi. Saepe magni et.^Cumque aut architecto quisquam harum voluptas. Maiores accusamus nesciunt quos dolor sit autem exercitationem et. Quia in labore ipsum repellat error earum sint sunt impedit. Laboriosam dicta et voluptatem non aperiam architecto et occaecati. Rem voluptatem quo eum praesentium exercitationem. Impedit tenetur et odit omnis et occaecati illum.^Rental car is advisable.
13246^Kasey^https://sdc-mtservice.s3.amazonaws.com/hosts/524-420x270.jpg^New Hugh^HI^Enim voluptatem quia omnis sint. Dicta aut occaecati ullam dolores voluptatem velit labore quam sed. Nesciunt explicabo ut. Earum possimus ullam ea. Numquam accusantium fuga excepturi doloribus esse in nesciunt.^Et aut tempore. Voluptates reiciendis et numquam debitis enim quis. Occaecati omnis omnis possimus doloribus.^Superhost^Verified^May^2012^479^10AM - 4PM^11AM^Est enim aperiam. Quia sint deserunt atque qui culpa. Et reprehenderit et dolorem accusantium. Natus culpa corrupti est quod qui. Nam velit non et praesentium ex debitis voluptatem.^Sapiente quis cupiditate ex praesentium dolorum perferendis iste non. Officia facere amet voluptate. Eum dolorem voluptatem nesciunt ut culpa placeat eum ad. Et neque tenetur voluptatem.^Rental car is advisable.
89485^Fabiola^https://sdc-mtservice.s3.amazonaws.com/hosts/47-420x270.jpg^Lake Tadmouth^FL^Exercitationem ullam cupiditate quis magni. Ratione laborum nobis eaque dolor eos eligendi.^Fugit sint est rerum ut commodi dignissimos aspernatur. Quia nihil hic quibusdam.^Superhost^Verified^August^2017^473^10AM - 4PM^11AM^Quia reprehenderit suscipit quia aliquam rerum fugit praesentium. Rerum est ea expedita cupiditate consequatur consequatur ut. Occaecati consequatur tempora iste sequi provident.^Neque molestiae incidunt eveniet suscipit alias ipsum tempora et sunt. Dolorum omnis nisi doloremque repudiandae nisi autem. Qui id molestiae id dolore ipsum adipisci. Similique recusandae earum sint dolorem voluptates.^Rental car is advisable.
10147^Rachelle^https://sdc-mtservice.s3.amazonaws.com/hosts/1020-420x270.jpg^West Linnie^VA^Sint dolore aut sit enim dolorum inventore non dolores quaerat. Et optio facere itaque occaecati a minus architecto consequatur. Voluptatem aut eum quia dolorum ipsa et ullam non. Cumque eaque cum est vitae cumque ut minima. Consequatur quidem rerum enim nihil. Qui ut aut totam ex.^Fuga incidunt et expedita modi accusantium reprehenderit odit. Unde placeat exercitationem consequatur aliquid rem magni delectus omnis. Id quod quibusdam alias consequatur nam. Nihil eligendi neque et reiciendis numquam vero.^Superhost^Verified^May^2018^423^10AM - 4PM^11AM^Expedita non alias quam aut et sit veniam repudiandae cupiditate. Nesciunt ratione reprehenderit ipsam perferendis est. Sunt veritatis aliquam dolorum.^Eaque cum voluptatem sapiente et soluta. Commodi dolor quia sed quibusdam eveniet. Et illo rerum perspiciatis. Sed eaque vero nisi omnis.^Rental car is advisable.
77571^Keyshawn^https://sdc-mtservice.s3.amazonaws.com/hosts/827-420x270.jpg^Emardview^PA^Hic praesentium rerum nisi sint omnis corporis quis dolorem. Fugiat occaecati hic necessitatibus. Suscipit et molestias tenetur quae.^Possimus qui beatae cupiditate ullam dolores provident quaerat. Aut perferendis quibusdam nisi qui reprehenderit molestiae. Consectetur ex eos minus veniam voluptas qui cum itaque quaerat. Sapiente architecto qui nostrum quo nisi voluptatibus.^Superhost^Verified^March^2010^432^10AM - 4PM^11AM^Velit deleniti alias et et. Cumque est quia deleniti. Voluptatem inventore sit ut vitae voluptas et et. Id dolores natus explicabo consequatur dolorem ullam est. Architecto quis quo porro ut aut.^Rem tenetur harum aperiam iure necessitatibus in molestiae dolores. Amet aliquam quia ea alias accusantium. Qui est molestiae alias repellendus modi in. Accusantium rerum in quos distinctio et qui voluptas recusandae. Nemo sapiente et ad autem vel minima omnis odio. Est est aut vel qui cum voluptatem aut.^Rental car is advisable.
92444^Eliza^https://sdc-mtservice.s3.amazonaws.com/hosts/977-420x270.jpg^Larueshire^CT^Animi ex hic cumque. Et veniam quas dolores.^Libero iure eaque quasi commodi beatae ab porro. Omnis ut quos iste voluptates quia adipisci. Molestiae sunt fugit ullam corporis asperiores ut quaerat. Quasi non enim quia omnis porro repudiandae voluptate laudantium. Dolor maiores itaque aut. Et reprehenderit perferendis ut ex aut aut ipsum officia.^Superhost^Verified^August^2010^79^10AM - 4PM^11AM^Iste dignissimos vel minima sed. Corporis magni aut qui numquam distinctio delectus occaecati et architecto. Dolore minus iusto dignissimos aliquid animi. Ipsa soluta illum quo perspiciatis et quos.^Nobis voluptatum reiciendis ut. Et aut voluptas quaerat quae.^Rental car is advisable.
26277^Meda^https://sdc-mtservice.s3.amazonaws.com/hosts/162-420x270.jpg^West Monica^AR^Aliquid ex suscipit labore unde nihil nostrum est. Fuga consequatur veritatis dolorem omnis similique. Ex placeat eius quo velit quaerat dolor impedit officia iusto. Odio architecto in.^Facilis consequatur ut cumque omnis tempore qui occaecati voluptatem qui. Eligendi placeat voluptas perspiciatis explicabo consequatur consequuntur culpa vel. Culpa assumenda et. Quia ut voluptate at fuga qui occaecati asperiores voluptate dicta. Eum rerum sunt. Repellat magnam molestiae velit possimus sequi eveniet.^Superhost^Verified^July^2020^338^10AM - 4PM^11AM^Quia et debitis temporibus eaque facere accusantium. Esse voluptatem et alias ea nulla consequatur. Reprehenderit a placeat et fugiat. Assumenda rerum nostrum magnam error rerum ullam voluptas quod expedita. Enim officia ut quod sed totam iste quas aut laborum.^Qui est iste consequatur qui molestiae ut vitae commodi. Similique autem placeat asperiores quidem rerum. Quos voluptatem enim nulla. Possimus ut accusamus ut minus reprehenderit. Eum et amet incidunt repellat aliquid cupiditate commodi impedit.^Rental car is advisable.
62383^Helga^https://sdc-mtservice.s3.amazonaws.com/hosts/659-420x270.jpg^Port Hallie^HI^Voluptatem totam ea ipsam dolorem provident. Incidunt minus et necessitatibus molestias error excepturi a ut.^Sed dolore eius sapiente quia reprehenderit aut. Deleniti modi iusto nulla sed. Perferendis porro autem unde dicta temporibus.^Superhost^Verified^July^2015^202^10AM - 4PM^11AM^Quisquam voluptatem porro consectetur eum at. Alias repudiandae reprehenderit sequi nihil molestiae molestias voluptas unde. Ipsam quae earum. Nobis molestias laborum magnam vel illo assumenda ullam id. Aut doloremque qui laborum omnis iure quia. Iste consequatur impedit qui qui facere impedit eaque aut dolor.^Sunt et voluptate quidem. Sit labore tempora repudiandae perspiciatis soluta et omnis quidem rerum. Natus ut consequatur consequatur. Consequuntur fuga ut et doloribus non. Ut dolor saepe. Ea minima voluptatem voluptate est sed quis tempora iure minus.^Rental car is advisable.
74548^Reece^https://sdc-mtservice.s3.amazonaws.com/hosts/685-420x270.jpg^Lake Gregoriabury^AL^Rerum non consequatur temporibus sint quaerat. Asperiores nihil sed tenetur quo. Dignissimos consequatur sapiente repellendus architecto voluptates accusamus est voluptates. Voluptas libero dolorum beatae eveniet. Autem recusandae molestiae et quia veniam maxime illo. Tenetur iste ut inventore tenetur.^Quia dolores id tempora officia molestiae iusto expedita similique qui. Maxime expedita ut qui exercitationem laudantium commodi et. Dolore molestiae quia omnis saepe nisi laborum. Voluptates nihil iure quia et voluptas et eos odit occaecati. Aut quas dolor est quaerat. Nemo ab qui ut ad deserunt occaecati.^Superhost^Verified^January^2010^70^10AM - 4PM^11AM^Cum quia et aliquam facere soluta. Sequi dolore adipisci. Aut asperiores aperiam. Aliquam quis quis deserunt cum. Est repellat facilis inventore perferendis voluptatem saepe necessitatibus eos odit. Ut laudantium voluptates suscipit et aut eaque sed.^Qui dolores perferendis. Corrupti sint non repudiandae aut eos eius deleniti. Ipsa nulla delectus. Repellendus ex est quibusdam et sint molestiae earum labore eum. Et voluptatem velit.^Rental car is advisable.
13514^Arjun^https://sdc-mtservice.s3.amazonaws.com/hosts/photo-1513732822839-24f03a92f633.jpeg^Lake Oda^KY^Odio velit explicabo rerum et rerum eos eveniet. Aspernatur veritatis vel ratione.^Ut sint quia quia voluptate aperiam omnis aut in. Nulla vel incidunt explicabo. Laudantium et rerum tempore omnis error facere quaerat fugiat. Et possimus consequatur soluta doloribus. Ut cumque et omnis facilis. Non dolore sit omnis.^Superhost^Verified^July^2015^82^10AM - 4PM^11AM^Aliquid aliquid quibusdam laboriosam ut et totam veniam quae. Voluptatibus officiis qui incidunt enim quo ratione. Reprehenderit cumque est optio saepe ipsa ea. Molestiae voluptate possimus.^Voluptas sit id veritatis ut minima vel est voluptas. Vel in esse quia consequatur quae. Voluptatem nihil quam dolores repudiandae autem dolorem corporis praesentium.^Rental car is advisable.
64400^Maximillia^https://sdc-mtservice.s3.amazonaws.com/hosts/556-420x270.jpg^North Justen^MI^Quidem qui consequuntur a maiores velit odio. Assumenda nemo aut non quaerat nulla officia provident.^Qui repudiandae tempora atque quia accusantium voluptas inventore ducimus. Perspiciatis doloribus a modi nam tempore velit ut. Est enim esse.^Superhost^Verified^July^2015^20^10AM - 4PM^11AM^Architecto corporis consequatur quas et ut et. Nihil sunt et repellat. Quia facilis possimus maiores. Eius corporis reprehenderit et. Sunt enim porro a vel nulla deleniti.^Doloribus placeat omnis. Sunt repellat odit voluptatem nisi cum voluptas. At ipsum unde et illo sint. Voluptatem non voluptatem deserunt autem eveniet omnis qui et velit. Molestiae aut nihil non ut neque recusandae qui illo. Dolor minima tempore sequi aperiam illum animi.^Rental car is advisable.
13469^Bethel^https://sdc-mtservice.s3.amazonaws.com/hosts/45-420x270.jpg^East Cadenberg^VT^Minus est aliquam aut laborum inventore aut. Necessitatibus corrupti natus porro in. Aut labore soluta eos voluptatum. Mollitia voluptas consequatur aut quia numquam veniam et explicabo.^Voluptatem at sapiente qui et. Est minima minus occaecati. Accusantium quia ipsam esse veniam. Ad voluptatibus explicabo eius ut. Debitis ut dignissimos est nisi odio nam quidem.^Superhost^Verified^September^2020^329^10AM - 4PM^11AM^Corrupti asperiores repudiandae ducimus neque. Ex aperiam sed rerum ut.^Ex tempora in nihil autem eum voluptatibus suscipit. Est placeat ipsa quidem nesciunt. Inventore rem debitis illo ea enim ex. Aut ut rem.^Rental car is advisable.
41948^Eladio^https://sdc-mtservice.s3.amazonaws.com/hosts/165-420x270.jpg^Hellerborough^TX^Minus suscipit possimus ullam voluptatem sequi aut rerum. Perspiciatis laudantium delectus iste. Ea cupiditate assumenda rem ullam accusantium nihil et ea. Non itaque non natus facilis aut. Veritatis cumque quia a suscipit qui expedita rerum fuga quibusdam. Cupiditate illo quis dolor est consequuntur voluptatum et atque et.^Cupiditate eveniet quis est dolorem dolores earum. Excepturi tempora a in.^Superhost^Verified^September^2020^288^10AM - 4PM^11AM^Explicabo vitae cumque laboriosam inventore animi. Veniam beatae aspernatur qui tempora repellendus consequatur quo adipisci unde. Fugit exercitationem placeat laudantium.^Harum enim rerum dolores voluptatum consectetur cupiditate. Iure non dolores quidem dolor aliquam quia quia. Consectetur quam corporis facere vel odit nulla dolor. Occaecati ullam consequatur. Ea quasi qui.^Rental car is advisable.
47744^Hallie^https://sdc-mtservice.s3.amazonaws.com/hosts/621-420x270.jpg^Lake Winona^WA^Consequatur ut quis blanditiis fuga ullam sunt nihil. Vel nisi qui quod deserunt. Rerum beatae eos quos et blanditiis perspiciatis. Incidunt quia minus vitae sint earum ad velit qui. Tempore est harum odio ratione occaecati necessitatibus sint.^Impedit eveniet sit eum suscipit magni consequatur itaque. Laudantium qui iusto commodi et nobis enim consequatur ut. Aliquam est repellat facere nisi placeat sequi id aperiam dolor. Alias alias in error. Tempora consequatur quis.^Superhost^Verified^April^2017^221^10AM - 4PM^11AM^Eum dolore ipsum ipsam laboriosam repellendus sapiente a repudiandae. Modi eius in. Consequatur dolore delectus quia vel natus rem voluptas ut ea. Quaerat suscipit fuga nisi et doloremque. Reiciendis et ipsam eveniet animi soluta sunt vel eum.^Ut tempore et explicabo qui corrupti nihil praesentium quo. Modi dolorem minus aut nesciunt ea aliquid perferendis deserunt. Eum ea dolorem nihil eum tempora. Aut qui esse assumenda. Ea cumque quo. Quos quo ut nulla.^Rental car is advisable.
32470^Itzel^https://sdc-mtservice.s3.amazonaws.com/hosts/760-420x270.jpg^Lake Maxie^IN^Aperiam rerum dicta repellat. Quis praesentium quo doloremque et omnis consectetur voluptatem tempora ipsam. Qui omnis excepturi corporis quis ducimus est corporis aut molestias.^Repudiandae magnam sed vitae et cumque aut ducimus qui et. Qui consequatur optio voluptas earum rerum iure sint nemo.^Superhost^Verified^July^2020^378^10AM - 4PM^11AM^Non tempora rerum. Magni odit sint nam voluptas quisquam soluta qui pariatur. Velit non sunt blanditiis dolorum et vitae rerum ab qui. Reprehenderit occaecati eum iusto nemo sequi dolorem.^Nesciunt et eius reprehenderit blanditiis minima aut tenetur tenetur et. Dolorem ex voluptatem in error aut.^Rental car is advisable.
18268^Ida^https://sdc-mtservice.s3.amazonaws.com/hosts/948-420x270.jpg^Feeneyborough^MA^Impedit ad omnis ab. Sapiente est rem similique inventore amet corrupti voluptatum exercitationem nisi. Molestias corporis nihil fugiat iure sint. Necessitatibus sapiente eum animi et totam eum consequatur reprehenderit.^Sunt cupiditate nihil. Consequatur eos consequatur velit quos numquam vel aut quibusdam aut.^Superhost^Verified^August^2011^96^10AM - 4PM^11AM^Minus dolore quia possimus tenetur non sequi autem consequatur amet. Impedit exercitationem aut minus. Repellat quia maxime quam sunt. Expedita ut ratione est nobis accusantium asperiores deleniti sed et. Eligendi sint veniam.^Nisi voluptatem ad quasi. Itaque et in. Occaecati aut dolor fugiat aut et molestiae sed. Cumque corrupti quis.^Rental car is advisable.
69715^Mary^https://sdc-mtservice.s3.amazonaws.com/hosts/102-420x270.jpg^Stoneville^IA^Quae excepturi qui aut nam et amet quia. Eum placeat exercitationem similique ducimus. Praesentium velit alias in necessitatibus officia accusamus maxime.^Qui sed saepe amet nemo natus. Et nobis iusto quibusdam. Voluptatem totam quas aperiam. Maiores similique ut illo quia aliquam dolor. Quia eos quas molestiae neque error.^Superhost^Verified^June^2017^5^10AM - 4PM^11AM^Pariatur et numquam asperiores est. Nihil culpa doloremque voluptates molestias nisi. Quaerat voluptatem fugiat. Ea incidunt quibusdam dolores non culpa alias fugit.^Culpa quis eos et consectetur enim. Non eos aut et consequuntur qui sequi suscipit.^Rental car is advisable.
62118^Raymundo^https://sdc-mtservice.s3.amazonaws.com/hosts/822-420x270.jpg^Port Paulineland^MI^Voluptas aperiam doloribus aut illo debitis. Architecto amet corrupti fugit.^Occaecati deserunt aut ut. Tempora sint repudiandae sit asperiores voluptatem incidunt velit. Corporis quisquam labore aliquid earum omnis. Accusamus qui quisquam vero. Similique et ut sapiente sint blanditiis occaecati.^Superhost^Verified^September^2015^496^10AM - 4PM^11AM^Deserunt sunt voluptatem soluta possimus. Et nobis eveniet est esse iste. Accusamus est nihil. Qui aspernatur accusamus impedit in dignissimos minus qui maiores.^Mollitia molestiae quia hic ducimus quos. Esse corrupti nostrum natus aut quisquam occaecati veritatis. Explicabo pariatur voluptatum quia deleniti. Vel eum qui blanditiis architecto exercitationem sunt aliquid sed.^Rental car is advisable.
71547^Terrill^https://sdc-mtservice.s3.amazonaws.com/hosts/188-420x270.jpg^Lake Otilia^NC^Cum sapiente tempore esse unde adipisci quia nihil. Explicabo accusantium natus. Blanditiis aut assumenda voluptatem et. Doloremque aperiam quo quia voluptatem. Quibusdam aut odio excepturi quaerat assumenda asperiores hic sint. Dolore rem ut sed cumque aspernatur voluptates.^Perferendis cupiditate quia totam. Neque quia voluptates dolorum adipisci laborum accusantium quam dolor tempora. Accusamus sunt atque velit iste asperiores nobis nesciunt soluta. Aut enim neque et. Repudiandae distinctio est impedit ullam doloremque culpa quidem. Neque iste voluptas et nulla optio fugit doloribus.^Superhost^Verified^October^2019^244^10AM - 4PM^11AM^Modi in et placeat exercitationem error distinctio velit. Quia eius totam quaerat. Omnis enim dignissimos modi qui aut aut ab maiores. Natus ducimus voluptatem aut aut qui ab. Earum accusantium ut.^Voluptatum et quo harum. Error aut et voluptas laudantium aut ut assumenda quia eum. Iusto laboriosam at itaque consequatur. Soluta tempora et neque dolores et.^Rental car is advisable.
12680^Karley^https://sdc-mtservice.s3.amazonaws.com/hosts/30-420x270.jpg^South Skyeland^CO^Blanditiis amet et eveniet voluptatem ut odit. Voluptas quia aut. Impedit illo numquam voluptas facilis ratione corporis dicta reiciendis.^Et quia aliquid ipsa omnis eveniet. Quo consequatur necessitatibus harum nemo iusto alias corrupti vitae corporis.^Superhost^Verified^December^2011^37^10AM - 4PM^11AM^Enim cum et quis quibusdam in. Suscipit eaque sunt. Qui quam et iure et aspernatur pariatur. Corrupti ipsam rem consequuntur. Facere occaecati facere qui.^Deleniti quo voluptas. Nesciunt atque nemo quia alias enim voluptatem tenetur omnis. Enim sit corrupti et aut consequatur nam blanditiis assumenda excepturi. Repellat exercitationem est perspiciatis expedita autem odit rem consectetur. Et quidem sed officiis qui voluptatem quae incidunt.^Rental car is advisable.
64870^Keara^https://sdc-mtservice.s3.amazonaws.com/hosts/400.jpeg^West Mafalda^TN^Magni sed eligendi laborum cum voluptates et aliquam. Molestias enim unde.^Quaerat in necessitatibus et minus. Est sapiente rerum inventore perspiciatis et adipisci in illum quis. Corrupti vero id alias consequatur. Officiis illo aut. Rerum nam corporis.^Superhost^Verified^January^2018^378^10AM - 4PM^11AM^Ut cupiditate quos dolore non enim quo. Vero corporis qui. Ex cum asperiores. Consequatur est aut. Eos magni nulla ut illum et cumque.^Minima voluptas et dolores dolorem consectetur maxime qui delectus nam. Corrupti fuga accusantium veniam voluptatem dolores veniam. Autem odit animi dolores porro. Nesciunt libero aut ipsa qui est.^Rental car is advisable.
71808^Vada^https://sdc-mtservice.s3.amazonaws.com/hosts/1044-420x270.jpg^Alvenamouth^IL^Ullam blanditiis et vel sed et vero magni est. Est dolor ea quos. Reiciendis suscipit perferendis sequi quaerat rerum est dolor. Voluptas molestiae et.^Sed recusandae voluptatem maxime ut vel itaque sint similique. Non perferendis reprehenderit accusantium amet ut consequatur enim est. Alias aut ut ullam rem nulla.^Superhost^Verified^December^2013^442^10AM - 4PM^11AM^Alias non ut inventore dignissimos expedita blanditiis minima laboriosam. Ut corporis repellat rerum rerum possimus consequatur. Praesentium illum fuga accusantium aut ut consequuntur. Omnis nam cupiditate aspernatur sint numquam quo qui omnis illo.^Voluptas architecto saepe est ut sequi vel omnis harum. Rerum et provident excepturi autem voluptatem. Quo velit ut et omnis.^Rental car is advisable.
72719^Daphne^https://sdc-mtservice.s3.amazonaws.com/hosts/bUkmHPKs.jpg^Bethmouth^IL^Atque inventore molestiae aut qui molestias expedita dignissimos. Consequatur sunt quia.^Aperiam vitae similique porro consequatur maiores quidem est est quod. Non quo voluptates illum cumque voluptate. Nesciunt et eius omnis. Incidunt dolor quis.^Superhost^Verified^June^2011^11^10AM - 4PM^11AM^Aut deleniti fugiat modi. Perferendis ut est temporibus a ducimus. Fugiat est et. Voluptates consequatur et dolorem autem nihil quidem. Architecto consequatur temporibus unde. Vel repellendus natus.^Officiis veritatis repellat repellendus et quidem qui quae. Architecto delectus qui est deserunt. In ut a. At veniam rerum. Qui aut aut.^Rental car is advisable.
46390^Justyn^https://sdc-mtservice.s3.amazonaws.com/hosts/34-420x270.jpg^West Verlie^TN^Doloribus molestiae suscipit. Qui est qui in eos. Autem molestiae aliquam enim blanditiis velit repellendus. Tempore occaecati reprehenderit laboriosam perferendis ipsum qui similique. Doloremque quidem velit et consequatur temporibus tempora esse. Consequatur omnis voluptas aliquam est quia vitae voluptatem officiis unde.^Quod consectetur excepturi voluptas qui quam natus perferendis. Veritatis sed eveniet et rerum perspiciatis.^Superhost^Verified^July^2012^147^10AM - 4PM^11AM^Impedit facilis dolores non dolorem unde. Mollitia temporibus voluptatem nulla repellat illo ipsam aut. Rem aspernatur repellendus numquam est dolores cupiditate. Ea iure provident totam itaque tenetur.^Dolorem esse alias libero. Qui inventore incidunt.^Rental car is advisable.
68290^Amy^https://sdc-mtservice.s3.amazonaws.com/hosts/509-100x100.jpg^Port Elliotton^AL^Culpa praesentium placeat sapiente nihil aut quo nisi. Est vel rem laborum rem vel esse delectus asperiores nemo. Quos consequatur cum non exercitationem accusantium necessitatibus voluptates. Praesentium nihil quia quia officia. Consequatur consequatur et aut deleniti harum omnis dolores eum et. Voluptatum tempore omnis rem tenetur officiis sequi.^Autem non aspernatur vero accusamus laboriosam repudiandae vitae. Hic blanditiis debitis facere tempora rerum explicabo perferendis. Sit nam velit qui distinctio inventore autem quia voluptatem voluptas. Dolorem harum eum rerum autem delectus qui voluptatem.^Superhost^Verified^March^2015^298^10AM - 4PM^11AM^Voluptatum repellat officia saepe ab voluptas est. Dolorem delectus fugit distinctio iure quia possimus et delectus.^Ab commodi accusantium consequatur excepturi id molestiae voluptas omnis. Et optio id. Ea non earum numquam aut et maiores incidunt tenetur repellendus.^Rental car is advisable.
59529^Karine^https://sdc-mtservice.s3.amazonaws.com/hosts/192-420x270.jpg^Dahliamouth^AK^Placeat at doloremque aspernatur eveniet voluptate dolor. Illum deserunt voluptatum.^Sunt qui modi. Similique aliquam esse. Mollitia error omnis eius impedit. Similique iure est repellendus ipsum aut corporis quas.^Superhost^Verified^May^2015^62^10AM - 4PM^11AM^Et autem voluptates ex. Maxime molestias sit quaerat aut dolor sapiente. Praesentium et velit est. Eos rem consequatur assumenda dolorum ut sint.^Minima reprehenderit blanditiis neque provident nisi nostrum. Autem consectetur autem quia placeat ea quasi.^Rental car is advisable.
85025^Zoie^https://sdc-mtservice.s3.amazonaws.com/hosts/351-420x270.jpg^Brainfurt^ID^Alias unde dolorem. Modi explicabo dolores velit minima nobis earum mollitia pariatur. Sed non explicabo magnam aliquid. Repellendus ea quis optio dolorum voluptates provident illum.^Repellendus rerum autem cum. Temporibus dolores temporibus quia nostrum voluptatum. Illum recusandae molestiae nisi magni voluptatem perferendis doloremque aut. Libero itaque corrupti est repellat voluptatem ex sed consequatur et.^Superhost^Verified^June^2020^393^10AM - 4PM^11AM^Autem velit ut sed sit deserunt cum sit repellendus. Maiores pariatur inventore provident iure rerum. Odio minima consectetur ratione soluta ipsum similique modi.^Consequuntur corporis qui qui. Blanditiis consectetur pariatur deserunt eius atque repudiandae non. Minus vel dolores est aut. Rerum tenetur illo rerum nihil similique. Autem neque necessitatibus tenetur maiores rem. Omnis nulla quia consequatur aut voluptas quibusdam dolor accusamus veniam.^Rental car is advisable.
57645^Leopold^https://sdc-mtservice.s3.amazonaws.com/hosts/a2awzVm.jpg^Lake Wilfordville^OK^Est in debitis tempora est occaecati debitis. Qui nesciunt molestiae.^Neque ducimus voluptate in. Ut vel qui qui quod et ea mollitia dolorem consequatur. Officiis et est aspernatur odit ut qui eligendi corporis. Libero laborum magni debitis labore ipsa qui.^Superhost^Verified^January^2016^192^10AM - 4PM^11AM^Unde quo maxime est nihil ducimus. Voluptate in repellat totam autem eius aut. Blanditiis dolorem voluptatem adipisci laborum debitis ipsa commodi placeat. Qui fugit autem veniam dolorum facilis et quia. Dignissimos distinctio totam recusandae autem dolorum officia explicabo cum. Molestiae et corrupti sit ut excepturi.^Debitis ut vero quidem reprehenderit est. Asperiores sit debitis minus dolor minus sunt voluptas tempora. Ad quia molestiae.^Rental car is advisable.
79606^Maxie^https://sdc-mtservice.s3.amazonaws.com/hosts/photo-1513732822839-24f03a92f633.jpeg^East Tiara^SD^Ratione quia voluptas dicta amet dolores. Ut labore numquam ducimus velit. Dolor est qui ut possimus perspiciatis eligendi. Aut provident et assumenda enim repellendus. Molestias explicabo harum delectus consequatur necessitatibus.^Magni in aut. Ab itaque quos placeat aut velit repellendus odio ut voluptates.^Superhost^Verified^August^2020^235^10AM - 4PM^11AM^Et corrupti ab a libero est omnis occaecati repellat. Commodi quam eos veritatis qui. Ut exercitationem natus. Reiciendis perferendis placeat et debitis nemo odit nobis. Tenetur eum necessitatibus aut iure.^Molestiae perferendis sunt officia laborum explicabo voluptas. Nobis temporibus voluptatibus dignissimos mollitia debitis at accusamus necessitatibus. Ea ut vero qui sit officiis soluta quia perspiciatis eius. Nihil neque non corrupti quia ad. Dolore rerum facilis temporibus quia consequatur pariatur consectetur architecto et.^Rental car is advisable.
56485^Taylor^https://sdc-mtservice.s3.amazonaws.com/hosts/53-420x270.jpg^Gutmannton^SD^Quia voluptatem officiis corporis. Qui quia hic. Iusto et provident.^Nihil totam dolores. In et aut ratione. Qui illo perspiciatis. Ut ratione exercitationem sapiente in nostrum. Molestias et aperiam repudiandae voluptatum pariatur.^Superhost^Verified^October^2011^292^10AM - 4PM^11AM^Cumque voluptas vitae alias voluptatem. Officia sapiente eos et. Quis deleniti temporibus dolores ullam id architecto ea velit cupiditate. Non aut repellendus. Quia et ut ratione assumenda consequatur omnis doloremque. Sed quos hic omnis.^Voluptatem id sed reiciendis enim autem voluptatem temporibus. Vel cumque deserunt molestiae laborum id qui eligendi. Molestiae enim minima quasi ut voluptatem enim.^Rental car is advisable.
39775^Judson^https://sdc-mtservice.s3.amazonaws.com/hosts/45-420x270.jpg^West Chadrickfurt^NM^Nihil et saepe rerum necessitatibus aliquid. Minima numquam et ex repellat ut aut. Sit autem fugit veritatis quia est id odit est. Voluptas beatae eius est ducimus et consequatur voluptates aut in.^Quam delectus maxime rerum fugiat voluptatem et. Eaque et et.^Superhost^Verified^February^2012^155^10AM - 4PM^11AM^Mollitia in dolores explicabo odit omnis in. Eius assumenda tempora rerum veritatis ipsam ut dolore quod delectus. Quisquam est corrupti voluptatem enim. Et impedit sit aliquam sit et reiciendis et ullam. Quas delectus velit et ipsam voluptatem in. Nulla omnis veritatis ratione.^Non quasi qui ipsam ipsum. Odio distinctio aut libero. Alias consequatur dolor placeat. Iusto ea ut est id tenetur rerum sed. Corporis quibusdam iusto modi.^Rental car is advisable.
51053^Frank^https://sdc-mtservice.s3.amazonaws.com/hosts/241-420x270.jpg^West Donato^NY^Ut consequatur ut culpa. Recusandae deleniti itaque modi temporibus ab esse laborum. Velit odio animi dolorem veniam vitae nobis qui ut.^Debitis praesentium consequatur. Nulla aliquam sequi dolor. Numquam quibusdam voluptas maxime asperiores libero ullam iste ducimus at.^Superhost^Verified^September^2015^305^10AM - 4PM^11AM^Dicta hic at rem aut perferendis voluptas harum occaecati porro. Dolores aut quis. Voluptatem velit quo omnis corporis a libero quo. Ea unde ipsam. Est est fuga temporibus molestias minima voluptatem molestiae et magnam. Qui doloribus aut inventore eaque et dolorem aut voluptatem.^Molestias adipisci earum voluptatem. Est distinctio dolores optio aut ullam cupiditate. Dolores quibusdam ullam voluptatem quia necessitatibus.^Rental car is advisable.
15061^Norval^https://sdc-mtservice.s3.amazonaws.com/hosts/400 (7).jpeg^South Arely^NC^Quaerat quasi reprehenderit hic fugiat. Illo soluta accusantium ad illo error et nobis molestiae id. Excepturi mollitia et delectus impedit maxime sed quisquam. At quae ratione autem ea qui. Vel est quos rem ut hic.^Aut perferendis veritatis voluptate et. Unde iusto suscipit rerum aut. Fugit quis ea.^Superhost^Verified^December^2015^349^10AM - 4PM^11AM^Mollitia deserunt quibusdam nihil expedita est similique culpa qui ratione. Error quia similique amet adipisci nobis fuga. Dignissimos quae odit qui porro sint debitis. Ut sunt soluta ea velit repudiandae sunt. Voluptas ducimus earum asperiores voluptates accusantium voluptatem. Illum aut ut asperiores ut repudiandae maxime.^Fuga sint dolore. Molestias commodi in consequatur aut. Sequi suscipit cum adipisci. Optio voluptatem dolorem ut dolor omnis quod corporis dolor. Voluptatibus et aspernatur omnis ut reiciendis ut esse ut. Non autem omnis sapiente consequatur hic cum totam quos voluptate.^Rental car is advisable.
36521^Nathaniel^https://sdc-mtservice.s3.amazonaws.com/hosts/259-100x100.jpg^Bridietown^OK^Eius exercitationem id. Corrupti illo aliquam.^Perferendis aut quis quia tempora quos voluptas explicabo iusto. Provident enim molestias voluptas rem iusto nihil excepturi nihil est. Labore omnis tempora eaque molestiae expedita. Ducimus distinctio cupiditate qui iure enim. Explicabo excepturi maiores ex dolor quibusdam reprehenderit accusamus. Et error iusto cumque est dolorem adipisci.^Superhost^Verified^May^2017^223^10AM - 4PM^11AM^Minus adipisci ratione qui corporis autem vel. Labore eos esse illum voluptatem a vero. Amet quam non dolores.^Et laudantium blanditiis. Cumque earum deleniti rerum reiciendis. Et beatae mollitia minus facilis voluptatum iusto ipsum adipisci. Debitis consequatur doloremque sint fuga est numquam quidem odio. Quia nesciunt dolore corrupti aut et omnis nihil voluptas.^Rental car is advisable.
93680^Darryl^https://sdc-mtservice.s3.amazonaws.com/hosts/542-420x270 (1).jpg^New Aaron^AL^Consequuntur delectus et id dolore repudiandae suscipit eos excepturi. Ullam vero veritatis. Fugit quam est illum qui adipisci rerum repellat sit excepturi. Suscipit doloremque corrupti ut consequatur nam eligendi est. Ex sint officiis odit velit voluptatibus libero est.^Corporis consequatur in laudantium. Magnam est omnis dignissimos. Nulla ipsa omnis. Quam quisquam repellendus omnis fugit rerum modi numquam similique. Amet cupiditate distinctio ut sunt est soluta itaque culpa. Sequi eveniet rerum doloremque omnis iusto.^Superhost^Verified^October^2018^147^10AM - 4PM^11AM^Vero aut magnam ut sint consequatur qui alias officia. Velit in sed quis facilis unde. Voluptatem amet fuga sit odit. Doloremque esse dolores ipsam qui ut dolor harum. Quo eaque ea.^Aspernatur inventore rerum doloremque. Eum ullam rem saepe repellendus qui voluptatem alias architecto dolor.^Rental car is advisable.
45530^Toby^https://sdc-mtservice.s3.amazonaws.com/hosts/217-420x270.jpg^Lake Madilyn^MN^Accusantium non sapiente itaque blanditiis. Fuga similique ut dignissimos eius ducimus ab illo. Quia porro inventore vel sunt. Optio sapiente id aliquam aut quis dicta. Nemo dicta blanditiis eaque sequi. Ut consequatur aut facilis incidunt.^Ut qui aut ea velit nesciunt aspernatur consequatur. Beatae aliquam incidunt est provident.^Superhost^Verified^August^2011^10^10AM - 4PM^11AM^Aperiam illum non nihil eius qui laborum beatae rerum architecto. At voluptas occaecati sapiente molestias et neque iusto. Natus architecto dicta incidunt et. Sit facere dolorem dolores illo sit asperiores quia voluptate iste. Quisquam eligendi aut ea suscipit. Maiores laborum dolores provident impedit qui quas pariatur beatae voluptas.^Dolor ipsa magnam. Dolorem aut saepe consequatur eaque maxime ad quia sint. Architecto aliquam occaecati qui sed eveniet aut perferendis quia accusamus. Voluptatem commodi soluta sint a rem odit sint autem sapiente.^Rental car is advisable.
72102^Giuseppe^https://sdc-mtservice.s3.amazonaws.com/hosts/217-420x270.jpg^South Andreanehaven^ID^Doloremque aut quisquam veniam saepe vel sed et qui. Facere et reprehenderit ipsum sint doloribus est praesentium unde a. Sequi commodi explicabo molestias est eum voluptates. Ut est beatae itaque. Non quis dolor et aliquam ullam quo. Quia sint velit harum saepe non cupiditate.^Quam atque placeat et a minima voluptatum tenetur temporibus. Consequatur qui dolorem odio aut rerum quisquam.^Superhost^Verified^September^2013^256^10AM - 4PM^11AM^Error officiis quo velit laboriosam quisquam sit. Aut ipsa ut minus odit dolor autem odit et.^Sed saepe qui dolorum. Quis iure porro optio quibusdam sit magnam blanditiis. Ut perferendis perferendis iusto molestias vel commodi. Id asperiores vel voluptatum qui quisquam vero autem velit non. Eveniet et autem perferendis ea debitis consectetur dolorem asperiores. Aut ea ullam maxime voluptatem quae et sint officia.^Rental car is advisable.
29004^Gilbert^https://sdc-mtservice.s3.amazonaws.com/hosts/157-420x270.jpg^Tracyborough^IL^Voluptatem dolorum vero est quod illo quis alias ut iure. Vero deserunt nobis.^Dolores et non qui perferendis quidem. Omnis a mollitia quia quisquam id qui et commodi. Nobis odit quos aut voluptas eveniet et facere exercitationem. Accusamus facilis amet sed suscipit.^Superhost^Verified^December^2015^226^10AM - 4PM^11AM^Maiores consequuntur rerum expedita deleniti voluptatem totam quas. Et nihil autem et mollitia delectus vel. Distinctio facere ratione magni voluptatum praesentium deserunt voluptatem beatae. Laborum vitae quae. Placeat eius et corrupti consequatur sequi tenetur.^Ipsam esse iusto mollitia enim ab unde et. Voluptatum facilis eligendi non eligendi. Harum laboriosam consequatur et non. Enim est porro deserunt ut sit nam et omnis quisquam.^Rental car is advisable.
19715^Cali^https://sdc-mtservice.s3.amazonaws.com/hosts/524-420x270.jpg^West Rodrigofurt^OR^Ullam in aspernatur est ab sit pariatur. Tempora dolor magni quo quasi vel veniam a laudantium sit. In pariatur ut nulla quas odit aut aut. Placeat et perspiciatis. Placeat animi ut eligendi.^Fugit quia a laboriosam sed omnis minima. Repudiandae eos in eligendi nesciunt laborum voluptas sit expedita maiores. Enim sed voluptas doloremque labore dolorum quia sint repellat. Magnam illum similique eius error dolorem qui omnis tenetur eligendi.^Superhost^Verified^June^2018^319^10AM - 4PM^11AM^Culpa eaque animi repellendus ratione saepe odit commodi. Ut quisquam quae sequi debitis est nihil excepturi. Accusamus qui voluptatem totam molestiae dolores fugit pariatur totam ut. Aut voluptatem aut.^Dignissimos placeat est id deleniti. Reiciendis similique voluptas repellat odio laborum. Enim deserunt doloribus illum totam et voluptas.^Rental car is advisable.
87646^Adolfo^https://sdc-mtservice.s3.amazonaws.com/hosts/106-420x270.jpg^Lake Efrain^NV^Quo a eligendi itaque fuga. Est vel vitae amet. Non repellendus repellat ipsum deleniti. Voluptatem fugit et labore ut facere iste aut vel. Cum nemo et veritatis consequatur.^Optio ullam cupiditate ratione. Voluptate in corrupti eveniet quisquam saepe assumenda nihil.^Superhost^Verified^November^2012^303^10AM - 4PM^11AM^Hic voluptas dolores qui delectus ipsum libero quidem accusantium dolore. Inventore dolores mollitia ratione aut id. Praesentium qui sit tempore corrupti dolorum. Ut hic aut error quia fugiat. Corrupti perferendis minima nulla hic. Non facilis sit nostrum ut dolores nostrum voluptates vitae praesentium.^Natus qui aliquid ducimus et ex molestias sunt et est. Adipisci non quia. Tenetur exercitationem ab unde in laborum.^Rental car is advisable.
11247^Gia^https://sdc-mtservice.s3.amazonaws.com/hosts/165-420x270.jpg^Port Maud^DE^Repellat exercitationem expedita nihil nam cupiditate quis. Exercitationem omnis rerum placeat sapiente. Rerum est minima fugit.^Non et itaque ipsam dolorem hic a quam dolor. Hic nemo totam voluptates fuga magni.^Superhost^Verified^August^2012^452^10AM - 4PM^11AM^Facere architecto harum consectetur natus dolore perferendis sunt ut distinctio. Sit nobis quia a et excepturi minus facilis in. Culpa magni aspernatur voluptas autem quidem. Laudantium cupiditate at asperiores quasi dolorum eius voluptatem aut necessitatibus. Quidem voluptatum nulla qui voluptatibus ab ut perferendis.^Quibusdam et quasi tempora nobis qui tenetur possimus. Architecto sapiente expedita rerum aliquid suscipit unde est vitae aliquid. Provident pariatur et sint veniam cupiditate ut placeat est. Accusantium soluta est exercitationem consequatur est repellat officia earum. Corporis ex enim. Ipsam amet aut est enim.^Rental car is advisable.
62689^Connor^https://sdc-mtservice.s3.amazonaws.com/hosts/418-420x270.jpg^Daxville^OK^Fuga ea ratione omnis. Eos est sit enim est aliquam. Numquam quia quasi deserunt assumenda pariatur et autem ut earum. Temporibus ea eius quis sunt laborum quam.^Id culpa quo sit aut ut beatae dicta. Tenetur laborum sed. Odit soluta quam sunt. Cumque commodi id quis recusandae et vel cupiditate vitae. Culpa tempora aliquam eveniet quia sed expedita eligendi ut. Similique voluptates omnis incidunt voluptatem.^Superhost^Verified^February^2017^287^10AM - 4PM^11AM^Doloribus minus modi cum in dolorem aut expedita voluptatem et. Qui quisquam cum et est et reprehenderit enim. Perspiciatis saepe totam. Sequi autem velit et magni et et.^Nesciunt id itaque corporis. Maiores magni officia aut. Quia culpa voluptatum doloremque. Consequatur quos et. Quis ab eveniet voluptas accusantium.^Rental car is advisable.
34528^Rodrigo^https://sdc-mtservice.s3.amazonaws.com/hosts/1068-420x270.jpg^Gersonchester^NJ^Distinctio repellendus temporibus dolor cumque. Voluptas ut aliquid optio dolore dolorem saepe. Dolorem ut explicabo eum molestiae.^Modi fugit eligendi nam et. Temporibus maiores et alias. Laudantium quas qui. Accusamus beatae consequatur ullam eos sed atque assumenda.^Superhost^Verified^April^2013^109^10AM - 4PM^11AM^Delectus qui dolor ut. Pariatur vitae aliquid non occaecati vel earum. Eum laborum iste velit expedita consectetur doloribus autem. Sit provident laudantium laudantium dolore mollitia atque ex dolorum quia.^Quia praesentium eveniet velit. Necessitatibus nesciunt enim modi odit tempora. Eveniet ipsum modi pariatur totam.^Rental car is advisable.
26931^Eliseo^https://sdc-mtservice.s3.amazonaws.com/hosts/556-420x270.jpg^Lake Cierra^OR^Non aut optio nulla eum molestiae minus. Quisquam enim cum blanditiis atque harum voluptatum iusto occaecati sed. Accusamus provident id qui dolore voluptatem consequatur laborum laboriosam rerum.^Iure aspernatur est consequuntur. Magni impedit quas ea illum. Aut sapiente molestias illo.^Superhost^Verified^January^2020^69^10AM - 4PM^11AM^Aspernatur dolorum aspernatur eos. Sunt ipsam sunt temporibus voluptatibus asperiores corrupti asperiores. Voluptatem iure voluptatum accusamus dignissimos consectetur. Nihil eius nihil.^Ullam dolores et nemo sed ea. Corrupti quae est et nulla id dolor non quod. Dolore velit hic dolorem ut numquam animi et magnam. Nisi tenetur voluptas.^Rental car is advisable.
47999^Alvah^https://sdc-mtservice.s3.amazonaws.com/hosts/270-420x270.jpg^Philipfurt^MT^Recusandae ut recusandae. Ipsa vitae eaque dolor porro repellendus quod molestias. Dolores provident maxime aut suscipit quo magni architecto voluptas molestiae. Tempore aspernatur in illum quisquam alias sit nemo ea. Tempore iure sequi velit eos ex qui ad.^Accusantium harum nam placeat consectetur blanditiis nihil. Ullam perferendis quod veritatis doloremque fuga. Occaecati quia facere dolores illum non. Eligendi quod repellendus id voluptas. Sed delectus et.^Superhost^Verified^November^2019^309^10AM - 4PM^11AM^Ducimus mollitia nemo tempora id. Earum eligendi totam non perspiciatis quaerat. Quibusdam ab beatae ut perferendis aspernatur. Voluptatum libero possimus ut rerum aut aut. Harum id qui repellat impedit qui deleniti. Voluptatem aliquam qui eaque error incidunt commodi mollitia mollitia soluta.^Distinctio velit recusandae aspernatur ipsa atque quas officiis. Ullam qui velit neque animi labore fuga dolores ut. Molestiae cupiditate consequuntur officiis non autem facilis laborum. Similique aut ut et voluptatem animi.^Rental car is advisable.
84084^Roger^https://sdc-mtservice.s3.amazonaws.com/hosts/784-420x270.jpg^Noefurt^TX^Ut ut sed unde quae error velit quis. Rem odio iste non nihil voluptatibus rerum nulla. Vel et sunt. Qui quia quod non natus in et voluptatem eligendi et.^Quo vel omnis. Autem sequi id aut dolores.^Superhost^Verified^November^2017^344^10AM - 4PM^11AM^Sed tempore molestiae quis eaque. At fugit nostrum omnis voluptatem ullam cum sunt est.^Commodi reprehenderit dolore aut enim. Maiores vel provident molestiae omnis totam et eum et reprehenderit.^Rental car is advisable.
6067^Gregory^https://sdc-mtservice.s3.amazonaws.com/hosts/972-100x100.jpg^Nikolasview^PA^Eos repellendus autem in voluptatum. Debitis quos aliquam et voluptatem consequuntur unde excepturi nihil. Quibusdam provident harum debitis quibusdam blanditiis a ut. Natus veniam cumque distinctio optio numquam iure voluptatum molestias omnis. Nihil quia aliquam. Optio repellendus et explicabo consequatur odio reprehenderit.^Atque aut unde ut rem delectus cum voluptas id. Est non reiciendis officia omnis et laboriosam autem laudantium officia. Omnis labore eligendi omnis.^Superhost^Verified^August^2014^117^10AM - 4PM^11AM^Maxime nemo perspiciatis rerum quasi eligendi vitae voluptates eveniet. Et repellendus repellendus debitis qui. Aliquam et consequuntur ipsum beatae. Velit et sed vel.^Cupiditate odit sunt rerum. Molestiae necessitatibus deleniti. Quas tempore officia ipsam numquam velit. Et laboriosam dolorem enim a enim ullam et. Quaerat debitis hic quasi ut sapiente. Eos enim consequatur.^Rental car is advisable.
43729^Maritza^https://sdc-mtservice.s3.amazonaws.com/hosts/400 (2).jpeg^New Asha^NV^Commodi harum quos quos. Non cumque nihil. Corporis aut cum repellendus ut rerum magnam.^Iure ut qui in et explicabo hic. Harum recusandae esse beatae et veritatis aut et. Consectetur qui et itaque voluptates. Et praesentium quasi voluptate natus rerum natus ut. Voluptatum et modi atque explicabo eveniet quae inventore libero culpa. Eum iusto eum iste deserunt.^Superhost^Verified^December^2014^424^10AM - 4PM^11AM^Ipsam sapiente odit ea eos consequatur reiciendis autem commodi sed. Est ea deleniti vel impedit in eum. Ducimus qui nihil iste est qui. Nemo tenetur corrupti veritatis et cumque. Beatae sint rerum provident. Omnis enim maxime maxime nam odit.^Velit quibusdam id. Porro id nam deserunt velit. Ut molestiae impedit excepturi rem molestias sit. Aut nihil qui ad qui unde sequi.^Rental car is advisable.
17200^Adell^https://sdc-mtservice.s3.amazonaws.com/hosts/99-420x270.jpg^Wildermanview^AK^Quo voluptatem similique. Ex voluptate ut est voluptatem ab.^Ea consequatur rem quisquam veritatis delectus qui ab porro voluptatem. Et explicabo facere sit. Sint animi quia nulla quas molestiae odit eos aut assumenda. Et et incidunt repudiandae expedita doloremque nihil nemo vero ea. Hic exercitationem asperiores ut velit non tempore laborum sunt et.^Superhost^Verified^April^2019^357^10AM - 4PM^11AM^Voluptatibus libero itaque veniam sint aut numquam ducimus. Neque laudantium est et mollitia harum sit repellat. Voluptas qui blanditiis aliquid autem alias. Eius corporis ducimus facilis voluptas quod. Aspernatur aut tempore exercitationem vel fugiat quia ex qui ea.^At voluptatibus veniam est neque est. Dolorum qui illo ipsam doloribus nostrum nisi molestias dolores.^Rental car is advisable.
35068^Itzel^https://sdc-mtservice.s3.amazonaws.com/hosts/386-420x270.jpg^West Mariellefurt^KY^Corporis voluptas voluptatem repudiandae voluptatem repellat quaerat totam. Nulla iure sequi maiores. Cum autem sequi.^Consequatur deleniti eos hic qui voluptatum quibusdam placeat. Eum adipisci dolor vero dignissimos ut sunt.^Superhost^Verified^October^2010^371^10AM - 4PM^11AM^Aliquam ut ea incidunt excepturi quod quia provident repudiandae. Sint perferendis vitae similique. Tempora et sint dolores officiis soluta.^Voluptatem a velit. Eaque minima ea ratione dignissimos sed voluptatem consequatur. Dignissimos in aut voluptas.^Rental car is advisable.
75008^Margarete^https://sdc-mtservice.s3.amazonaws.com/hosts/173-100x100.jpg^New Wilburnhaven^NE^Unde sed dignissimos molestiae dolorum illum ipsum. Temporibus magnam voluptatem repudiandae. Nobis voluptates ipsam et et voluptatem asperiores modi beatae cupiditate.^Quia fuga sint nihil ipsum nulla ab. Voluptate voluptatem qui ut qui maiores sit libero repudiandae qui. Est consequatur repudiandae eius ratione voluptas fugit quia placeat distinctio. Nesciunt laudantium quia nam qui pariatur. Aut et excepturi libero praesentium occaecati dicta repellendus omnis. Natus aut incidunt accusamus asperiores nam perferendis aliquam.^Superhost^Verified^November^2016^239^10AM - 4PM^11AM^Voluptas ducimus ducimus dolores quidem cupiditate. Porro velit quia eligendi dolor corporis tenetur sint rerum.^Labore corporis laborum labore non. Unde nihil ab. Adipisci suscipit vero voluptas. Blanditiis non voluptatibus debitis voluptatibus.^Rental car is advisable.
62686^Jazmin^https://sdc-mtservice.s3.amazonaws.com/hosts/114-420x270.jpg^Lake Wade^AR^Nostrum sed quam blanditiis perferendis aut eos eos possimus vero. Minima repudiandae totam impedit facere quia et sint sapiente. Ratione cum porro consequuntur ea. Corporis ut et laboriosam reiciendis mollitia illo maiores. Voluptatem sequi a.^Repellendus ad veritatis. Quis rerum quia et dolorem qui ea cupiditate quisquam. Iusto sequi beatae. Cumque vel quis minima animi voluptatem. Et et necessitatibus et impedit ratione. Nesciunt voluptates aliquam ut architecto nesciunt.^Superhost^Verified^February^2012^111^10AM - 4PM^11AM^Eos unde accusamus sint. Dignissimos illo quas aperiam doloribus maxime earum culpa. Molestiae quae omnis nobis soluta in quidem. Ex et eveniet et quia.^Assumenda rem dolores architecto iste voluptatem assumenda maiores. Libero at non. Ea nisi expedita id rerum natus voluptas unde illum mollitia. Veritatis fugit dolor dolor quisquam quia aut ut corrupti.^Rental car is advisable.
65516^Emilia^https://sdc-mtservice.s3.amazonaws.com/hosts/816-420x270.jpg^New Josue^TN^Temporibus officia harum ab eum sapiente corrupti eos ut quidem. Ducimus eius molestiae maiores necessitatibus quidem.^Magnam illum et placeat reprehenderit vel expedita quidem deleniti. Autem veniam laboriosam qui placeat.^Superhost^Verified^November^2013^254^10AM - 4PM^11AM^Labore dolorum sit corporis repudiandae accusantium. Accusamus cumque eveniet consequuntur rerum quisquam eos. At praesentium possimus vel id error. Explicabo ut ipsum aut est dolore culpa unde magni. Iusto est temporibus quasi minima dicta.^At nihil et et cumque est eveniet. Magnam voluptas magni nostrum. Harum earum perspiciatis in laborum quam exercitationem fugiat alias. Dicta commodi doloremque quaerat tenetur magni quam incidunt quos. Facere asperiores et voluptas occaecati facilis libero.^Rental car is advisable.
46550^Jayda^https://sdc-mtservice.s3.amazonaws.com/hosts/1023-100x100.jpg^Fatimastad^AZ^Rerum non fugit et eveniet soluta sint iste a et. Et aliquam provident.^Omnis repudiandae alias tenetur recusandae. Dolorem reiciendis vel reprehenderit accusamus occaecati hic itaque molestiae dolor. Alias exercitationem tempore ex et aliquam voluptates. Quo quia tenetur amet molestias temporibus ut officiis.^Superhost^Verified^September^2012^357^10AM - 4PM^11AM^Eaque ex commodi. Voluptate dolorum accusamus quisquam et consectetur. Tenetur maxime veniam. Sint corrupti accusantium et eveniet et et. Explicabo velit facilis inventore omnis sapiente odit veniam. Autem qui laborum dolorem et qui aspernatur.^Quo ea tempore mollitia quaerat commodi aut. Aut architecto non. Aperiam dolorem sapiente velit non molestias dignissimos laborum. Eos consequatur excepturi voluptatem praesentium aut dolorem esse.^Rental car is advisable.
96663^Madalyn^https://sdc-mtservice.s3.amazonaws.com/hosts/735-420x270.jpg^Lake Murrayfort^OK^Voluptas quas aut. Qui incidunt et quasi necessitatibus consectetur atque. Architecto et modi maiores ut molestiae. Reiciendis expedita quo reprehenderit illum eveniet. Totam in iure voluptates amet veniam quia.^Id quia saepe eligendi rem saepe fugiat. Tempore et architecto qui eveniet tenetur unde voluptates.^Superhost^Verified^August^2019^12^10AM - 4PM^11AM^Animi laboriosam sint in id nesciunt hic. Et quaerat deserunt fugiat. Ut ut sed alias dolores. Ea fugit laudantium asperiores qui ut placeat. Deleniti inventore delectus tenetur ex totam suscipit maxime.^Dicta praesentium illo quae blanditiis officia eos omnis tempora. Eveniet esse esse ab in molestiae est minima. Dolores voluptates voluptatem sunt molestiae. Ut quia aperiam non.^Rental car is advisable.
32725^Madge^https://sdc-mtservice.s3.amazonaws.com/hosts/273-420x270.jpg^Port Gracestad^NV^Qui deserunt nihil saepe. Quidem rerum at voluptatibus sunt iusto.^Rerum qui sed perspiciatis. Eum ratione debitis aut autem. Corrupti nemo molestiae tempore ratione. Officiis quasi sunt esse adipisci nesciunt hic vel consequatur.^Superhost^Verified^August^2011^274^10AM - 4PM^11AM^Quia aliquam laboriosam autem sunt magnam consequatur cumque aperiam. Natus nesciunt modi est expedita voluptas voluptatem. Recusandae ipsa excepturi harum dolores et.^Qui officiis ut vitae laudantium mollitia omnis. Quod sed magni rerum error totam necessitatibus. Consequatur sed perspiciatis aut autem labore. Id sequi corrupti quia.^Rental car is advisable.
52093^Enid^https://sdc-mtservice.s3.amazonaws.com/hosts/1020-420x270.jpg^Lake Leliatown^CA^Neque itaque accusantium autem. Neque nihil delectus necessitatibus quia id rerum sunt aspernatur numquam. Dolorem repellendus sunt at quae.^Et repellendus et tempore aut cupiditate odio accusantium labore culpa. Qui sed sit nesciunt et.^Superhost^Verified^December^2018^316^10AM - 4PM^11AM^Quo rerum repudiandae. Laborum sed perspiciatis ipsam et maxime excepturi sit ipsum minus.^Laboriosam eveniet quidem ipsa. Molestiae error consequatur voluptates qui possimus.^Rental car is advisable.
49973^Rickey^https://sdc-mtservice.s3.amazonaws.com/hosts/351-420x270.jpg^West Dave^NE^Accusamus molestias rem fuga. Cumque impedit modi inventore modi vitae incidunt corrupti. Eum similique odit.^Nam nihil quidem. Vel ut adipisci. Mollitia sapiente aperiam repellendus placeat quia. Eum exercitationem blanditiis dolor. Tenetur animi quasi vel.^Superhost^Verified^July^2015^404^10AM - 4PM^11AM^Voluptatem aliquam culpa. Cupiditate voluptatem illo aut minus voluptatem sed. Molestiae non dicta officiis in dolores molestias aperiam et veniam.^Sint maxime dolorum possimus earum porro. Iste qui nemo est nisi aut. Fugit vero eos vel id. Eum architecto suscipit incidunt non harum tenetur. Et et sequi accusamus sit voluptatem aut nobis dolores.^Rental car is advisable.
72777^Clinton^https://sdc-mtservice.s3.amazonaws.com/hosts/1005-420x270.jpg^Sauerfurt^KY^Et cumque explicabo animi voluptatem voluptatem ex rerum quis. In rerum alias distinctio voluptatem. Maxime tenetur minus dicta porro nisi quasi temporibus.^Et vitae et ad unde impedit est. Porro iure consequatur inventore ipsum est provident praesentium eos. Voluptate voluptatem itaque.^Superhost^Verified^June^2019^121^10AM - 4PM^11AM^Qui tempore cum. Dignissimos ut impedit qui voluptas nihil provident fuga sint.^Iste officiis assumenda dolores enim qui nisi officia. Repudiandae laboriosam repudiandae. Aspernatur atque modi voluptatibus assumenda soluta ea totam et. Quia placeat reprehenderit voluptas voluptatibus eligendi ipsa ut blanditiis iure.^Rental car is advisable.
28302^Jacynthe^https://sdc-mtservice.s3.amazonaws.com/hosts/590-420x270.jpg^West Ferne^HI^Non ratione et distinctio molestias esse consequuntur voluptas et. Dicta amet molestiae sed libero necessitatibus quia qui. Exercitationem qui cum. Rerum illo corporis dignissimos. Voluptatem inventore voluptatum aut qui quibusdam voluptatum. Consequatur alias esse ut voluptatibus velit iure suscipit aut.^Alias non explicabo sunt ipsum enim ut at eos. Quod quisquam nemo alias perspiciatis laboriosam nostrum eius. Et eaque consectetur. Sit omnis quod vel perferendis ut repellendus commodi nulla. Repellat molestiae laudantium nostrum in dolore aut non. Aspernatur sint harum temporibus nihil commodi.^Superhost^Verified^August^2010^419^10AM - 4PM^11AM^Aut consequuntur ratione molestiae voluptate excepturi rerum et laborum magni. Reiciendis nulla nobis non. Eveniet impedit quisquam aperiam inventore nulla.^Quis vitae quaerat nostrum vitae eum. Id occaecati neque commodi vel.^Rental car is advisable.
90593^Marietta^https://sdc-mtservice.s3.amazonaws.com/hosts/bUkmHPKs.jpg^Kielville^MS^Veritatis sed consequatur. Consequatur nulla dolor. Eaque ipsam atque. Praesentium alias iure quod doloremque natus. Veritatis sunt non est et. Sed minus amet placeat vitae non cupiditate quam a et.^Dolorem sint eligendi totam magni. Sunt qui minus nostrum error reiciendis incidunt beatae.^Superhost^Verified^June^2015^48^10AM - 4PM^11AM^Quasi ut voluptas qui delectus necessitatibus molestias. Possimus autem deserunt qui non eius est. Et temporibus aut atque. Consequatur voluptatem voluptatum officiis ipsum aut facere at sit dolore. Deserunt fugiat sunt qui pariatur tenetur iure est. Explicabo consequatur hic aspernatur est quos eaque nemo.^Fugit laboriosam odit ullam doloribus quia ut totam repellendus. Occaecati optio architecto et.^Rental car is advisable.
90568^Anastacio^https://sdc-mtservice.s3.amazonaws.com/hosts/m10.png^Port Elainastad^CO^Tempore et ad. Veniam perferendis inventore assumenda. Nesciunt corrupti eligendi qui cum ratione sed. Et enim nisi omnis dolore. Accusantium doloremque beatae est debitis sint a. Tempore rerum ut aut dolorem nulla.^Possimus omnis nihil alias quis. Doloremque nihil corrupti voluptatem inventore saepe. Molestiae sed sint placeat sint sed doloribus aut.^Superhost^Verified^February^2019^376^10AM - 4PM^11AM^Officia aliquam assumenda facilis est quibusdam. Quod ut optio labore voluptate voluptatem itaque voluptas exercitationem amet. Aut quod ut aut sed occaecati inventore aliquam nihil at. Necessitatibus et accusantium accusamus quia. Esse vel nemo itaque ea qui. Sunt ipsa enim est in enim.^Sed ipsa ea maxime modi quia eius quae. Et provident fugit natus non cumque corporis explicabo tempora.^Rental car is advisable.
25700^Elsa^https://sdc-mtservice.s3.amazonaws.com/hosts/228-420x270.jpg^New Alexannetown^DE^Sit enim consectetur voluptas iure et et alias a. Et non rerum illum laborum quis ut voluptas. Quis enim suscipit. Eum voluptas magni nisi aut.^Perspiciatis velit cum ea et incidunt nemo ducimus rerum quaerat. Necessitatibus labore eum nihil sed voluptatem. Veniam cum soluta culpa sit sed cumque voluptatem vero. Ut voluptatem dicta. Enim vel aut voluptatem.^Superhost^Verified^February^2016^95^10AM - 4PM^11AM^Et nulla quia et mollitia animi. Alias et aliquam voluptates et sit velit esse praesentium. Et tempore et dolores ipsam necessitatibus repellendus non quas.^Et odio qui blanditiis quae ducimus saepe facere hic corporis. Sit sed neque iure laboriosam. Ratione iure quod et architecto temporibus eos ex.^Rental car is advisable.
79757^Albin^https://sdc-mtservice.s3.amazonaws.com/hosts/835-420x270.jpg^Jessycaville^RI^Modi voluptates omnis aut recusandae laboriosam quia. Libero earum et impedit nostrum ab voluptas sunt. Nobis deserunt autem consequuntur quas asperiores. Est quo sapiente facilis beatae nostrum molestias perspiciatis sed totam.^Aliquid sunt qui perferendis animi sequi consectetur veritatis perspiciatis blanditiis. Perferendis ab ut omnis libero in possimus reprehenderit. Ut aut molestiae.^Superhost^Verified^June^2017^295^10AM - 4PM^11AM^Explicabo sapiente aut et voluptatem excepturi. Id vero voluptas repudiandae et voluptas et eveniet consequatur. Accusamus voluptatibus voluptatem.^Aut blanditiis nihil minus odit quod ex voluptatem doloremque. Aspernatur et inventore deserunt nostrum culpa fuga quia beatae. Voluptatem maiores eaque voluptates sed distinctio libero omnis sit. Dolores architecto velit nemo dolor quibusdam voluptates non ut.^Rental car is advisable.
23849^Reanna^https://sdc-mtservice.s3.amazonaws.com/hosts/981-100x100.jpg^Cristiantown^WV^Porro nisi aut recusandae. Nisi consequatur ex veniam porro ex dolor et quibusdam. Voluptates aspernatur eligendi velit.^Rerum quia voluptate cum culpa et. Optio aliquid vel quia eum at modi debitis eveniet. Ex similique harum temporibus aspernatur exercitationem ipsam quibusdam et. Atque doloribus molestiae ea quisquam consequuntur.^Superhost^Verified^July^2018^29^10AM - 4PM^11AM^Officiis molestiae aut. Qui eligendi et. Illum et ullam dolores ratione at possimus praesentium deleniti dolor. Est quo et voluptatem.^Placeat in non et quia incidunt distinctio. Sapiente voluptates odit consequatur. Odio esse saepe vitae eos. Nesciunt qui fugit corrupti.^Rental car is advisable.
44175^Jamir^https://sdc-mtservice.s3.amazonaws.com/hosts/259-420x270.jpg^Sipestown^NC^Vero expedita qui deleniti commodi numquam consequatur. Aspernatur consectetur qui. Est voluptatum ut ipsam et.^Quaerat est vero esse. Molestiae doloremque qui nobis veniam voluptatem veritatis. Illo molestiae quod nam fugiat. Provident deleniti officia. Alias tempore aspernatur est.^Superhost^Verified^February^2019^242^10AM - 4PM^11AM^Quia qui vel aut sapiente reprehenderit inventore. Magnam sunt adipisci qui dolorem ducimus est. Molestiae natus quo. Aut aut a sit incidunt. Vel et aspernatur excepturi est dolor nobis aut aut. Modi dolorum dolorem.^Enim veniam et enim sequi autem qui atque illo id. Sit quis at natus voluptas id aut earum. Ratione laborum fugiat qui qui alias. Ullam sit est sint eos. Rerum quia omnis vel non. Ut quasi quis aut aspernatur sunt fugiat.^Rental car is advisable.
4154^Corbin^https://sdc-mtservice.s3.amazonaws.com/hosts/257-420x270.jpg^Karlimouth^KY^Est ab et similique error laborum eum occaecati sequi mollitia. Et unde totam est rerum accusantium dolorem iusto. Fugiat vero dolorem voluptas aut velit est. Sunt voluptatibus consectetur. Voluptatem quidem voluptatem optio aspernatur deleniti.^Harum nam adipisci. Unde impedit et ipsam. Ex maiores velit a vel sed omnis atque quos.^Superhost^Verified^January^2018^465^10AM - 4PM^11AM^Earum et omnis enim mollitia quam quo et. Voluptatem officia aut ex sed aspernatur. Delectus itaque vel sint voluptate dolorem porro qui.^Labore eveniet nulla unde nihil et quia est reprehenderit vitae. Animi a voluptatum molestiae illum assumenda sed reiciendis soluta. Quis quidem sit cupiditate. Et quis velit est maxime officiis expedita est. Atque ut ea ad.^Rental car is advisable.
26715^Augustus^https://sdc-mtservice.s3.amazonaws.com/hosts/96-420x270.jpg^Port Sally^ME^Tempora magni in autem velit tenetur et totam sunt. Qui ullam magni esse est.^Quis aut quidem odit molestiae impedit. Expedita impedit officiis est vero similique repudiandae fugit. Odio dolores sint aut expedita nostrum quos quae.^Superhost^Verified^September^2019^82^10AM - 4PM^11AM^Amet similique et et qui corrupti. Quibusdam temporibus ut omnis odit cum molestias et qui sunt. Et exercitationem asperiores. Sunt illum dolor et. Provident consequatur autem voluptas deserunt illo consequuntur consequatur.^Aspernatur odit qui. Delectus consectetur quos qui repellat consequatur et porro. Accusamus odio dolorem architecto excepturi voluptate qui. Aspernatur voluptatibus voluptas facere accusamus et. Sed ad voluptatibus dolor iste eveniet. Veniam repudiandae facilis ut commodi voluptatibus consequatur eos.^Rental car is advisable.
90049^Claude^https://sdc-mtservice.s3.amazonaws.com/hosts/114-420x270.jpg^Lake Blake^TN^Voluptates dicta ipsam repellendus nemo hic sint est vitae. Odit eum unde. Laboriosam enim quisquam dolor aut. Odio aliquid officia quo qui suscipit. Et est veniam. Sed qui aspernatur ea in enim explicabo quia.^Dignissimos velit quod possimus aliquid molestiae. Rem fugit beatae quia sunt cumque. Consectetur voluptas mollitia.^Superhost^Verified^February^2010^167^10AM - 4PM^11AM^A ipsum debitis asperiores ut. Impedit optio tempore eum quibusdam ab officiis. Facilis omnis ducimus ut. Ipsa rerum impedit perspiciatis. Qui magnam consectetur quia voluptatibus a id reprehenderit.^Eligendi officiis voluptatum quae culpa omnis sint. Aut assumenda magni ut incidunt natus et velit quos. Est quasi eaque omnis doloremque recusandae error repudiandae. Sint iure at. Alias labore praesentium aliquid velit deleniti est explicabo laboriosam quibusdam. Distinctio enim deleniti omnis voluptas a laboriosam dolorem tempora.^Rental car is advisable.
91852^Casimer^https://sdc-mtservice.s3.amazonaws.com/hosts/351-420x270.jpg^Port Annabellville^ME^Dignissimos a aspernatur qui. Quod dolorem corporis molestias optio excepturi reiciendis possimus voluptatem. Sit placeat sed cupiditate voluptas non.^Eum accusamus doloribus sed placeat quo explicabo. Labore veniam sint harum vero consequatur necessitatibus impedit. Quos ab minima omnis.^Superhost^Verified^June^2013^54^10AM - 4PM^11AM^Excepturi minus ad id. Aut magnam officiis.^Enim unde quia rerum cumque dolorem. Non sed impedit doloribus sed. Consequuntur ut ipsam omnis sint nisi est provident ut. In quasi libero tenetur harum. Ipsum libero molestiae est occaecati et saepe rerum. Illum cumque et quia accusamus facere.^Rental car is advisable.
56348^Waldo^https://sdc-mtservice.s3.amazonaws.com/hosts/721-100x100.jpg^Port Neha^IL^Numquam deserunt doloremque ut explicabo veritatis. Nobis quia in ex quidem nam ea. Eos dolore similique facilis eum. Ea eligendi nesciunt accusantium. Optio quis in voluptatem laudantium sit quo eos veniam. Rerum praesentium nostrum quibusdam ullam veritatis perspiciatis alias.^Ipsa perferendis neque sapiente et. Ut voluptatem voluptatum qui repudiandae nemo libero. Optio eius voluptatem cupiditate eos aut voluptas non distinctio consequatur. Aut adipisci omnis accusantium adipisci earum quibusdam dolores ea. Pariatur quaerat sapiente. Doloribus dolores optio velit dolor.^Superhost^Verified^July^2016^115^10AM - 4PM^11AM^Ipsum minus asperiores et. Perferendis eos ex quia beatae impedit fuga. Earum consectetur ut minima. Ut nam enim enim voluptatem exercitationem veniam non minima.^Veniam aut ea sed aliquam aut temporibus aut. Voluptatem voluptas enim inventore omnis possimus alias molestias voluptatem. Repellendus magni aliquid rerum ut molestias qui quos vel.^Rental car is advisable.
82296^Ellis^https://sdc-mtservice.s3.amazonaws.com/hosts/760-420x270.jpg^South Gersonside^MA^Voluptate cum modi sunt mollitia eligendi magnam voluptatem. Consequatur nihil numquam velit nesciunt veniam autem. Eveniet perspiciatis harum quidem beatae omnis est fugit in. Aut fuga nihil officiis dolorem tempora similique inventore. Quasi amet ab dolor et ut voluptatum debitis explicabo.^Explicabo sunt eum velit quo in impedit. Ex fugiat fugit qui velit dicta. Tempora possimus sunt optio quia quo sint aut est. Necessitatibus assumenda sed est est odio laudantium.^Superhost^Verified^October^2018^122^10AM - 4PM^11AM^Exercitationem quod recusandae impedit aut labore. Et cum nulla sint atque voluptas cupiditate. Nisi asperiores voluptatem tempora illum et sequi. Ut corrupti laborum provident rerum ad enim qui.^Et iure omnis. Et quidem facilis rem aliquid. In labore facilis doloremque dolorum necessitatibus perferendis quo autem natus. Assumenda accusamus ullam consequatur consectetur sint. Illo distinctio magnam quia eaque sint. Voluptatum quis suscipit eius voluptate ut deserunt.^Rental car is advisable.
57991^Ibrahim^https://sdc-mtservice.s3.amazonaws.com/hosts/689-420x270.jpg^New Josiah^AK^Cum tempore nam nesciunt. Accusamus tempora error et occaecati maiores quis iure. Incidunt hic minima voluptatem repudiandae recusandae voluptates. Nobis rem reprehenderit at ad inventore itaque tempora. Alias similique ut sit voluptas et mollitia assumenda qui. Corporis eligendi voluptas.^Veniam dicta autem qui voluptas eos suscipit temporibus tempore. In et harum natus itaque sint. Animi quia dolores explicabo.^Superhost^Verified^June^2010^92^10AM - 4PM^11AM^Sunt officia consectetur quo blanditiis quo rerum unde. Omnis at totam. Repellat nesciunt totam non harum nisi. Velit dolor asperiores dicta vel molestiae officiis dolore quidem sit. Et voluptate autem illum voluptatem. Iusto quia provident ipsa voluptas magnam voluptatem qui ipsa.^Culpa est voluptas. Fugit occaecati eius optio aut qui.^Rental car is advisable.
11757^Jazmyn^https://sdc-mtservice.s3.amazonaws.com/hosts/1020-420x270.jpg^New Rae^WV^Omnis officia ipsam aut. Et quod ut et quae in molestias cupiditate dolor. Dicta modi vel quod est autem eligendi illum aut. Nobis tempore nemo ut voluptatibus maxime aut quidem voluptas.^Dignissimos error et eum dolore consequatur. Adipisci tenetur suscipit quisquam. Quia optio magni quisquam ratione illo hic ipsum aut. Sit cumque facilis cumque omnis rerum velit sapiente qui et.^Superhost^Verified^September^2019^205^10AM - 4PM^11AM^Quaerat sapiente nisi voluptas pariatur. Consequatur aliquid praesentium labore necessitatibus libero harum consectetur voluptatem aut. Maiores ratione delectus perferendis nihil aperiam aut aspernatur. Doloribus tempora sit quo veritatis autem voluptatem dolores. Vitae officia repellat sit hic aperiam aut. Fuga iste rerum dignissimos omnis.^Non eos aliquid illum dolore eveniet error. Explicabo omnis reiciendis velit similique et. Omnis accusamus ullam qui possimus.^Rental car is advisable.
37003^Kyleigh^https://sdc-mtservice.s3.amazonaws.com/hosts/400 (6).jpeg^New Bransonport^ND^Mollitia voluptates cum provident non laborum magni totam. Consequatur necessitatibus quo nostrum sit id.^Ipsa hic nisi explicabo possimus molestias nemo. Quam fugiat blanditiis at nobis aut autem dolores aperiam placeat. Quisquam explicabo tempora excepturi. Perspiciatis esse eum laboriosam. Possimus maiores consequuntur adipisci. Praesentium itaque nesciunt similique.^Superhost^Verified^August^2013^468^10AM - 4PM^11AM^Deserunt aut eaque dolorem quo eum quo accusantium in. Et voluptas libero qui suscipit rerum qui. Incidunt consectetur non nostrum ut omnis.^Facere voluptatem blanditiis est maxime. Et facilis dolorem eligendi ipsum aut dolorum quos sed. Aperiam dolore tempore qui enim veritatis nihil at porro. Voluptas accusantium nesciunt est quasi natus sed non rerum. Qui ut quaerat vero at excepturi quis est.^Rental car is advisable.
97333^Monroe^https://sdc-mtservice.s3.amazonaws.com/hosts/312-420x270.jpg^New Jenningsstad^IA^Aut sunt quia rerum corporis. Corporis vel aspernatur error ut incidunt recusandae reiciendis in. Atque qui suscipit id minima quas facilis. Expedita omnis ullam et.^Amet harum perferendis voluptatem quidem dolorem. Velit et sed et necessitatibus voluptatem quod accusamus est et. Inventore ratione in tempora asperiores error quae.^Superhost^Verified^June^2014^486^10AM - 4PM^11AM^Minus iste similique consequuntur doloribus omnis non et. Omnis aut incidunt rerum corporis facilis natus.^Et quis culpa voluptatem molestias iusto nihil quas. Omnis omnis et eos aut fugiat. Repellendus nihil quidem accusantium deserunt omnis. Odit et animi. Molestiae cum ipsa aut velit ut. Ut dignissimos qui vero nihil veniam est dolor.^Rental car is advisable.
70684^Adele^https://sdc-mtservice.s3.amazonaws.com/hosts/307-420x270.jpg^South Nolanberg^IL^Impedit vitae non. Sunt iusto enim nemo asperiores ut. Voluptatibus sed perferendis. Nihil numquam sunt officia porro quia sequi. Saepe ex et non est soluta.^Corrupti enim at delectus voluptate dicta unde maxime qui reprehenderit. Modi est molestias sit earum velit nisi occaecati. Voluptates et quae qui nemo corporis voluptatem facere dignissimos voluptate. Ratione ipsam dolorum veniam assumenda et dolores. Corporis omnis rerum tempore reiciendis veniam.^Superhost^Verified^July^2019^259^10AM - 4PM^11AM^Ea dolorem voluptatem. Vel voluptatem fuga ut ullam labore eligendi cupiditate quis. Ullam temporibus nihil nihil similique ipsum labore. Eaque ut vero quo necessitatibus quia fuga et. Voluptatem sequi nesciunt et dignissimos ab sed repellat.^Consequatur quos reprehenderit dolores maiores dolorum. Corporis praesentium et. Omnis libero facilis minus amet ad veritatis. Et debitis quos omnis et. Culpa quo cumque.^Rental car is advisable.
